0 verbose cli C:\Program Files\nodejs\node.exe C:\Program Files\nodejs\node_modules\npm\bin\npm-cli.js
1 info using npm@10.9.2
2 info using node@v22.17.1
3 silly config load:file:C:\Program Files\nodejs\node_modules\npm\npmrc
4 silly config load:file:D:\Coding\Magang_Kemenkeu\PDDIKTI-Scraper-V2\production\frontend\.npmrc
5 silly config load:file:C:\Users\jenki\.npmrc
6 silly config load:file:C:\Users\jenki\AppData\Roaming\npm\etc\npmrc
7 verbose title npm install
8 verbose argv "install" "--cache" "..\\.npm-cache-build" "--prefer-offline" "--no-audit"
9 verbose logfile logs-max:10 dir:D:\Coding\Magang_Kemenkeu\PDDIKTI-Scraper-V2\production\.npm-cache-build\_logs\2026-09-13T12_24_30_721Z-
10 verbose logfile D:\Coding\Magang_Kemenkeu\PDDIKTI-Scraper-V2\production\.npm-cache-build\_logs\2026-09-13T12_24_30_721Z-debug-0.log
11 silly logfile done cleaning log files
12 silly packumentCache heap:4345298944 maxSize:1086324736 maxEntrySize:543162368
13 silly idealTree buildDeps
14 silly reify mark retired [
14 silly reify   'D:\\Coding\\Magang_Kemenkeu\\PDDIKTI-Scraper-V2\\production\\frontend\\node_modules\\@electron\\fuses'
14 silly reify ]
15 silly reify moves {
15 silly reify   'D:\\Coding\\Magang_Kemenkeu\\PDDIKTI-Scraper-V2\\production\\frontend\\node_modules\\@electron\\fuses': 'D:\\Coding\\Magang_Kemenkeu\\PDDIKTI-Scraper-V2\\production\\frontend\\node_modules\\@electron\\.fuses-QxLEtwAC'
15 silly reify }
16 http fetch GET 200 https://registry.npmjs.org/npm 508ms
17 verbose reify failed optional dependency D:\Coding\Magang_Kemenkeu\PDDIKTI-Scraper-V2\production\frontend\node_modules\@tailwindcss\oxide-wasm32-wasi
18 silly reify mark deleted [
18 silly reify   'D:\\Coding\\Magang_Kemenkeu\\PDDIKTI-Scraper-V2\\production\\frontend\\node_modules\\@tailwindcss\\oxide-wasm32-wasi'
18 silly reify ]
19 verbose reify failed optional dependency D:\Coding\Magang_Kemenkeu\PDDIKTI-Scraper-V2\production\frontend\node_modules\@tailwindcss\oxide-wasm32-wasi\node_modules\@emnapi\core
20 silly reify mark deleted [
20 silly reify   'D:\\Coding\\Magang_Kemenkeu\\PDDIKTI-Scraper-V2\\production\\frontend\\node_modules\\@tailwindcss\\oxide-wasm32-wasi\\node_modules\\@emnapi\\core'
20 silly reify ]
21 verbose reify failed optional dependency D:\Coding\Magang_Kemenkeu\PDDIKTI-Scraper-V2\production\frontend\node_modules\@tailwindcss\oxide-wasm32-wasi\node_modules\@emnapi\runtime
22 silly reify mark deleted [
22 silly reify   'D:\\Coding\\Magang_Kemenkeu\\PDDIKTI-Scraper-V2\\production\\frontend\\node_modules\\@tailwindcss\\oxide-wasm32-wasi\\node_modules\\@emnapi\\runtime'
22 silly reify ]
23 verbose reify failed optional dependency D:\Coding\Magang_Kemenkeu\PDDIKTI-Scraper-V2\production\frontend\node_modules\@tailwindcss\oxide-wasm32-wasi\node_modules\@emnapi\wasi-threads
24 silly reify mark deleted [
24 silly reify   'D:\\Coding\\Magang_Kemenkeu\\PDDIKTI-Scraper-V2\\production\\frontend\\node_modules\\@tailwindcss\\oxide-wasm32-wasi\\node_modules\\@emnapi\\wasi-threads'
24 silly reify ]
25 verbose reify failed optional dependency D:\Coding\Magang_Kemenkeu\PDDIKTI-Scraper-V2\production\frontend\node_modules\@tailwindcss\oxide-wasm32-wasi\node_modules\@napi-rs\wasm-runtime
26 silly reify mark deleted [
26 silly reify   'D:\\Coding\\Magang_Kemenkeu\\PDDIKTI-Scraper-V2\\production\\frontend\\node_modules\\@tailwindcss\\oxide-wasm32-wasi\\node_modules\\@napi-rs\\wasm-runtime'
26 silly reify ]
27 verbose reify failed optional dependency D:\Coding\Magang_Kemenkeu\PDDIKTI-Scraper-V2\production\frontend\node_modules\@tailwindcss\oxide-wasm32-wasi\node_modules\@tybys\wasm-util
28 silly reify mark deleted [
28 silly reify   'D:\\Coding\\Magang_Kemenkeu\\PDDIKTI-Scraper-V2\\production\\frontend\\node_modules\\@tailwindcss\\oxide-wasm32-wasi\\node_modules\\@tybys\\wasm-util'
28 silly reify ]
29 verbose reify failed optional dependency D:\Coding\Magang_Kemenkeu\PDDIKTI-Scraper-V2\production\frontend\node_modules\@tailwindcss\oxide-wasm32-wasi\node_modules\tslib
30 silly reify mark deleted [
30 silly reify   'D:\\Coding\\Magang_Kemenkeu\\PDDIKTI-Scraper-V2\\production\\frontend\\node_modules\\@tailwindcss\\oxide-wasm32-wasi\\node_modules\\tslib'
30 silly reify ]
31 verbose reify failed optional dependency D:\Coding\Magang_Kemenkeu\PDDIKTI-Scraper-V2\production\frontend\node_modules\lightningcss-win32-arm64-msvc
32 silly reify mark deleted [
32 silly reify   'D:\\Coding\\Magang_Kemenkeu\\PDDIKTI-Scraper-V2\\production\\frontend\\node_modules\\lightningcss-win32-arm64-msvc'
32 silly reify ]
33 verbose reify failed optional dependency D:\Coding\Magang_Kemenkeu\PDDIKTI-Scraper-V2\production\frontend\node_modules\lightningcss-linux-x64-musl
34 silly reify mark deleted [
34 silly reify   'D:\\Coding\\Magang_Kemenkeu\\PDDIKTI-Scraper-V2\\production\\frontend\\node_modules\\lightningcss-linux-x64-musl'
34 silly reify ]
35 verbose reify failed optional dependency D:\Coding\Magang_Kemenkeu\PDDIKTI-Scraper-V2\production\frontend\node_modules\lightningcss-linux-x64-gnu
36 silly reify mark deleted [
36 silly reify   'D:\\Coding\\Magang_Kemenkeu\\PDDIKTI-Scraper-V2\\production\\frontend\\node_modules\\lightningcss-linux-x64-gnu'
36 silly reify ]
37 verbose reify failed optional dependency D:\Coding\Magang_Kemenkeu\PDDIKTI-Scraper-V2\production\frontend\node_modules\lightningcss-linux-arm64-musl
38 silly reify mark deleted [
38 silly reify   'D:\\Coding\\Magang_Kemenkeu\\PDDIKTI-Scraper-V2\\production\\frontend\\node_modules\\lightningcss-linux-arm64-musl'
38 silly reify ]
39 verbose reify failed optional dependency D:\Coding\Magang_Kemenkeu\PDDIKTI-Scraper-V2\production\frontend\node_modules\lightningcss-linux-arm64-gnu
40 silly reify mark deleted [
40 silly reify   'D:\\Coding\\Magang_Kemenkeu\\PDDIKTI-Scraper-V2\\production\\frontend\\node_modules\\lightningcss-linux-arm64-gnu'
40 silly reify ]
41 verbose reify failed optional dependency D:\Coding\Magang_Kemenkeu\PDDIKTI-Scraper-V2\production\frontend\node_modules\lightningcss-linux-arm-gnueabihf
42 silly reify mark deleted [
42 silly reify   'D:\\Coding\\Magang_Kemenkeu\\PDDIKTI-Scraper-V2\\production\\frontend\\node_modules\\lightningcss-linux-arm-gnueabihf'
42 silly reify ]
43 verbose reify failed optional dependency D:\Coding\Magang_Kemenkeu\PDDIKTI-Scraper-V2\production\frontend\node_modules\lightningcss-freebsd-x64
44 silly reify mark deleted [
44 silly reify   'D:\\Coding\\Magang_Kemenkeu\\PDDIKTI-Scraper-V2\\production\\frontend\\node_modules\\lightningcss-freebsd-x64'
44 silly reify ]
45 verbose reify failed optional dependency D:\Coding\Magang_Kemenkeu\PDDIKTI-Scraper-V2\production\frontend\node_modules\lightningcss-darwin-x64
46 silly reify mark deleted [
46 silly reify   'D:\\Coding\\Magang_Kemenkeu\\PDDIKTI-Scraper-V2\\production\\frontend\\node_modules\\lightningcss-darwin-x64'
46 silly reify ]
47 verbose reify failed optional dependency D:\Coding\Magang_Kemenkeu\PDDIKTI-Scraper-V2\production\frontend\node_modules\lightningcss-darwin-arm64
48 silly reify mark deleted [
48 silly reify   'D:\\Coding\\Magang_Kemenkeu\\PDDIKTI-Scraper-V2\\production\\frontend\\node_modules\\lightningcss-darwin-arm64'
48 silly reify ]
49 verbose reify failed optional dependency D:\Coding\Magang_Kemenkeu\PDDIKTI-Scraper-V2\production\frontend\node_modules\lightningcss-android-arm64
50 silly reify mark deleted [
50 silly reify   'D:\\Coding\\Magang_Kemenkeu\\PDDIKTI-Scraper-V2\\production\\frontend\\node_modules\\lightningcss-android-arm64'
50 silly reify ]
51 verbose reify failed optional dependency D:\Coding\Magang_Kemenkeu\PDDIKTI-Scraper-V2\production\frontend\node_modules\fsevents
52 silly reify mark deleted [
52 silly reify   'D:\\Coding\\Magang_Kemenkeu\\PDDIKTI-Scraper-V2\\production\\frontend\\node_modules\\fsevents'
52 silly reify ]
53 verbose reify failed optional dependency D:\Coding\Magang_Kemenkeu\PDDIKTI-Scraper-V2\production\frontend\node_modules\@tailwindcss\oxide-win32-arm64-msvc
54 silly reify mark deleted [
54 silly reify   'D:\\Coding\\Magang_Kemenkeu\\PDDIKTI-Scraper-V2\\production\\frontend\\node_modules\\@tailwindcss\\oxide-win32-arm64-msvc'
54 silly reify ]
55 verbose reify failed optional dependency D:\Coding\Magang_Kemenkeu\PDDIKTI-Scraper-V2\production\frontend\node_modules\@tailwindcss\oxide-linux-x64-musl
56 silly reify mark deleted [
56 silly reify   'D:\\Coding\\Magang_Kemenkeu\\PDDIKTI-Scraper-V2\\production\\frontend\\node_modules\\@tailwindcss\\oxide-linux-x64-musl'
56 silly reify ]
57 verbose reify failed optional dependency D:\Coding\Magang_Kemenkeu\PDDIKTI-Scraper-V2\production\frontend\node_modules\@tailwindcss\oxide-linux-x64-gnu
58 silly reify mark deleted [
58 silly reify   'D:\\Coding\\Magang_Kemenkeu\\PDDIKTI-Scraper-V2\\production\\frontend\\node_modules\\@tailwindcss\\oxide-linux-x64-gnu'
58 silly reify ]
59 verbose reify failed optional dependency D:\Coding\Magang_Kemenkeu\PDDIKTI-Scraper-V2\production\frontend\node_modules\@tailwindcss\oxide-linux-arm64-musl
60 silly reify mark deleted [
60 silly reify   'D:\\Coding\\Magang_Kemenkeu\\PDDIKTI-Scraper-V2\\production\\frontend\\node_modules\\@tailwindcss\\oxide-linux-arm64-musl'
60 silly reify ]
61 verbose reify failed optional dependency D:\Coding\Magang_Kemenkeu\PDDIKTI-Scraper-V2\production\frontend\node_modules\@tailwindcss\oxide-linux-arm64-gnu
62 silly reify mark deleted [
62 silly reify   'D:\\Coding\\Magang_Kemenkeu\\PDDIKTI-Scraper-V2\\production\\frontend\\node_modules\\@tailwindcss\\oxide-linux-arm64-gnu'
62 silly reify ]
63 verbose reify failed optional dependency D:\Coding\Magang_Kemenkeu\PDDIKTI-Scraper-V2\production\frontend\node_modules\@tailwindcss\oxide-linux-arm-gnueabihf
64 silly reify mark deleted [
64 silly reify   'D:\\Coding\\Magang_Kemenkeu\\PDDIKTI-Scraper-V2\\production\\frontend\\node_modules\\@tailwindcss\\oxide-linux-arm-gnueabihf'
64 silly reify ]
65 verbose reify failed optional dependency D:\Coding\Magang_Kemenkeu\PDDIKTI-Scraper-V2\production\frontend\node_modules\@tailwindcss\oxide-freebsd-x64
66 silly reify mark deleted [
66 silly reify   'D:\\Coding\\Magang_Kemenkeu\\PDDIKTI-Scraper-V2\\production\\frontend\\node_modules\\@tailwindcss\\oxide-freebsd-x64'
66 silly reify ]
67 verbose reify failed optional dependency D:\Coding\Magang_Kemenkeu\PDDIKTI-Scraper-V2\production\frontend\node_modules\@tailwindcss\oxide-darwin-x64
68 silly reify mark deleted [
68 silly reify   'D:\\Coding\\Magang_Kemenkeu\\PDDIKTI-Scraper-V2\\production\\frontend\\node_modules\\@tailwindcss\\oxide-darwin-x64'
68 silly reify ]
69 verbose reify failed optional dependency D:\Coding\Magang_Kemenkeu\PDDIKTI-Scraper-V2\production\frontend\node_modules\@tailwindcss\oxide-darwin-arm64
70 silly reify mark deleted [
70 silly reify   'D:\\Coding\\Magang_Kemenkeu\\PDDIKTI-Scraper-V2\\production\\frontend\\node_modules\\@tailwindcss\\oxide-darwin-arm64'
70 silly reify ]
71 verbose reify failed optional dependency D:\Coding\Magang_Kemenkeu\PDDIKTI-Scraper-V2\production\frontend\node_modules\@tailwindcss\oxide-android-arm64
72 silly reify mark deleted [
72 silly reify   'D:\\Coding\\Magang_Kemenkeu\\PDDIKTI-Scraper-V2\\production\\frontend\\node_modules\\@tailwindcss\\oxide-android-arm64'
72 silly reify ]
73 verbose reify failed optional dependency D:\Coding\Magang_Kemenkeu\PDDIKTI-Scraper-V2\production\frontend\node_modules\@rollup\rollup-win32-ia32-msvc
74 silly reify mark deleted [
74 silly reify   'D:\\Coding\\Magang_Kemenkeu\\PDDIKTI-Scraper-V2\\production\\frontend\\node_modules\\@rollup\\rollup-win32-ia32-msvc'
74 silly reify ]
75 verbose reify failed optional dependency D:\Coding\Magang_Kemenkeu\PDDIKTI-Scraper-V2\production\frontend\node_modules\@rollup\rollup-win32-arm64-msvc
76 silly reify mark deleted [
76 silly reify   'D:\\Coding\\Magang_Kemenkeu\\PDDIKTI-Scraper-V2\\production\\frontend\\node_modules\\@rollup\\rollup-win32-arm64-msvc'
76 silly reify ]
77 verbose reify failed optional dependency D:\Coding\Magang_Kemenkeu\PDDIKTI-Scraper-V2\production\frontend\node_modules\@rollup\rollup-openharmony-arm64
78 silly reify mark deleted [
78 silly reify   'D:\\Coding\\Magang_Kemenkeu\\PDDIKTI-Scraper-V2\\production\\frontend\\node_modules\\@rollup\\rollup-openharmony-arm64'
78 silly reify ]
79 verbose reify failed optional dependency D:\Coding\Magang_Kemenkeu\PDDIKTI-Scraper-V2\production\frontend\node_modules\@rollup\rollup-openbsd-x64
80 silly reify mark deleted [
80 silly reify   'D:\\Coding\\Magang_Kemenkeu\\PDDIKTI-Scraper-V2\\production\\frontend\\node_modules\\@rollup\\rollup-openbsd-x64'
80 silly reify ]
81 verbose reify failed optional dependency D:\Coding\Magang_Kemenkeu\PDDIKTI-Scraper-V2\production\frontend\node_modules\@rollup\rollup-linux-x64-musl
82 silly reify mark deleted [
82 silly reify   'D:\\Coding\\Magang_Kemenkeu\\PDDIKTI-Scraper-V2\\production\\frontend\\node_modules\\@rollup\\rollup-linux-x64-musl'
82 silly reify ]
83 verbose reify failed optional dependency D:\Coding\Magang_Kemenkeu\PDDIKTI-Scraper-V2\production\frontend\node_modules\@rollup\rollup-linux-x64-gnu
84 silly reify mark deleted [
84 silly reify   'D:\\Coding\\Magang_Kemenkeu\\PDDIKTI-Scraper-V2\\production\\frontend\\node_modules\\@rollup\\rollup-linux-x64-gnu'
84 silly reify ]
85 verbose reify failed optional dependency D:\Coding\Magang_Kemenkeu\PDDIKTI-Scraper-V2\production\frontend\node_modules\@rollup\rollup-linux-s390x-gnu
86 silly reify mark deleted [
86 silly reify   'D:\\Coding\\Magang_Kemenkeu\\PDDIKTI-Scraper-V2\\production\\frontend\\node_modules\\@rollup\\rollup-linux-s390x-gnu'
86 silly reify ]
87 verbose reify failed optional dependency D:\Coding\Magang_Kemenkeu\PDDIKTI-Scraper-V2\production\frontend\node_modules\@rollup\rollup-linux-riscv64-musl
88 silly reify mark deleted [
88 silly reify   'D:\\Coding\\Magang_Kemenkeu\\PDDIKTI-Scraper-V2\\production\\frontend\\node_modules\\@rollup\\rollup-linux-riscv64-musl'
88 silly reify ]
89 verbose reify failed optional dependency D:\Coding\Magang_Kemenkeu\PDDIKTI-Scraper-V2\production\frontend\node_modules\@rollup\rollup-linux-riscv64-gnu
90 silly reify mark deleted [
90 silly reify   'D:\\Coding\\Magang_Kemenkeu\\PDDIKTI-Scraper-V2\\production\\frontend\\node_modules\\@rollup\\rollup-linux-riscv64-gnu'
90 silly reify ]
91 verbose reify failed optional dependency D:\Coding\Magang_Kemenkeu\PDDIKTI-Scraper-V2\production\frontend\node_modules\@rollup\rollup-linux-ppc64-musl
92 silly reify mark deleted [
92 silly reify   'D:\\Coding\\Magang_Kemenkeu\\PDDIKTI-Scraper-V2\\production\\frontend\\node_modules\\@rollup\\rollup-linux-ppc64-musl'
92 silly reify ]
93 verbose reify failed optional dependency D:\Coding\Magang_Kemenkeu\PDDIKTI-Scraper-V2\production\frontend\node_modules\@rollup\rollup-linux-ppc64-gnu
94 silly reify mark deleted [
94 silly reify   'D:\\Coding\\Magang_Kemenkeu\\PDDIKTI-Scraper-V2\\production\\frontend\\node_modules\\@rollup\\rollup-linux-ppc64-gnu'
94 silly reify ]
95 verbose reify failed optional dependency D:\Coding\Magang_Kemenkeu\PDDIKTI-Scraper-V2\production\frontend\node_modules\@rollup\rollup-linux-loong64-musl
96 silly reify mark deleted [
96 silly reify   'D:\\Coding\\Magang_Kemenkeu\\PDDIKTI-Scraper-V2\\production\\frontend\\node_modules\\@rollup\\rollup-linux-loong64-musl'
96 silly reify ]
97 verbose reify failed optional dependency D:\Coding\Magang_Kemenkeu\PDDIKTI-Scraper-V2\production\frontend\node_modules\@rollup\rollup-linux-loong64-gnu
98 silly reify mark deleted [
98 silly reify   'D:\\Coding\\Magang_Kemenkeu\\PDDIKTI-Scraper-V2\\production\\frontend\\node_modules\\@rollup\\rollup-linux-loong64-gnu'
98 silly reify ]
99 verbose reify failed optional dependency D:\Coding\Magang_Kemenkeu\PDDIKTI-Scraper-V2\production\frontend\node_modules\@rollup\rollup-linux-arm64-musl
100 silly reify mark deleted [
100 silly reify   'D:\\Coding\\Magang_Kemenkeu\\PDDIKTI-Scraper-V2\\production\\frontend\\node_modules\\@rollup\\rollup-linux-arm64-musl'
100 silly reify ]
101 verbose reify failed optional dependency D:\Coding\Magang_Kemenkeu\PDDIKTI-Scraper-V2\production\frontend\node_modules\@rollup\rollup-linux-arm64-gnu
102 silly reify mark deleted [
102 silly reify   'D:\\Coding\\Magang_Kemenkeu\\PDDIKTI-Scraper-V2\\production\\frontend\\node_modules\\@rollup\\rollup-linux-arm64-gnu'
102 silly reify ]
103 verbose reify failed optional dependency D:\Coding\Magang_Kemenkeu\PDDIKTI-Scraper-V2\production\frontend\node_modules\@rollup\rollup-linux-arm-musleabihf
104 silly reify mark deleted [
104 silly reify   'D:\\Coding\\Magang_Kemenkeu\\PDDIKTI-Scraper-V2\\production\\frontend\\node_modules\\@rollup\\rollup-linux-arm-musleabihf'
104 silly reify ]
105 verbose reify failed optional dependency D:\Coding\Magang_Kemenkeu\PDDIKTI-Scraper-V2\production\frontend\node_modules\@rollup\rollup-linux-arm-gnueabihf
106 silly reify mark deleted [
106 silly reify   'D:\\Coding\\Magang_Kemenkeu\\PDDIKTI-Scraper-V2\\production\\frontend\\node_modules\\@rollup\\rollup-linux-arm-gnueabihf'
106 silly reify ]
107 verbose reify failed optional dependency D:\Coding\Magang_Kemenkeu\PDDIKTI-Scraper-V2\production\frontend\node_modules\@rollup\rollup-freebsd-x64
108 silly reify mark deleted [
108 silly reify   'D:\\Coding\\Magang_Kemenkeu\\PDDIKTI-Scraper-V2\\production\\frontend\\node_modules\\@rollup\\rollup-freebsd-x64'
108 silly reify ]
109 verbose reify failed optional dependency D:\Coding\Magang_Kemenkeu\PDDIKTI-Scraper-V2\production\frontend\node_modules\@rollup\rollup-freebsd-arm64
110 silly reify mark deleted [
110 silly reify   'D:\\Coding\\Magang_Kemenkeu\\PDDIKTI-Scraper-V2\\production\\frontend\\node_modules\\@rollup\\rollup-freebsd-arm64'
110 silly reify ]
111 verbose reify failed optional dependency D:\Coding\Magang_Kemenkeu\PDDIKTI-Scraper-V2\production\frontend\node_modules\@rollup\rollup-darwin-x64
112 silly reify mark deleted [
112 silly reify   'D:\\Coding\\Magang_Kemenkeu\\PDDIKTI-Scraper-V2\\production\\frontend\\node_modules\\@rollup\\rollup-darwin-x64'
112 silly reify ]
113 verbose reify failed optional dependency D:\Coding\Magang_Kemenkeu\PDDIKTI-Scraper-V2\production\frontend\node_modules\@rollup\rollup-darwin-arm64
114 silly reify mark deleted [
114 silly reify   'D:\\Coding\\Magang_Kemenkeu\\PDDIKTI-Scraper-V2\\production\\frontend\\node_modules\\@rollup\\rollup-darwin-arm64'
114 silly reify ]
115 verbose reify failed optional dependency D:\Coding\Magang_Kemenkeu\PDDIKTI-Scraper-V2\production\frontend\node_modules\@rollup\rollup-android-arm64
116 silly reify mark deleted [
116 silly reify   'D:\\Coding\\Magang_Kemenkeu\\PDDIKTI-Scraper-V2\\production\\frontend\\node_modules\\@rollup\\rollup-android-arm64'
116 silly reify ]
117 verbose reify failed optional dependency D:\Coding\Magang_Kemenkeu\PDDIKTI-Scraper-V2\production\frontend\node_modules\@rollup\rollup-android-arm-eabi
118 silly reify mark deleted [
118 silly reify   'D:\\Coding\\Magang_Kemenkeu\\PDDIKTI-Scraper-V2\\production\\frontend\\node_modules\\@rollup\\rollup-android-arm-eabi'
118 silly reify ]
119 verbose reify failed optional dependency D:\Coding\Magang_Kemenkeu\PDDIKTI-Scraper-V2\production\frontend\node_modules\@napi-rs\lzma-linux-x64-gnu
120 silly reify mark deleted [
120 silly reify   'D:\\Coding\\Magang_Kemenkeu\\PDDIKTI-Scraper-V2\\production\\frontend\\node_modules\\@napi-rs\\lzma-linux-x64-gnu'
120 silly reify ]
121 verbose reify failed optional dependency D:\Coding\Magang_Kemenkeu\PDDIKTI-Scraper-V2\production\frontend\node_modules\@esbuild\win32-ia32
122 silly reify mark deleted [
122 silly reify   'D:\\Coding\\Magang_Kemenkeu\\PDDIKTI-Scraper-V2\\production\\frontend\\node_modules\\@esbuild\\win32-ia32'
122 silly reify ]
123 verbose reify failed optional dependency D:\Coding\Magang_Kemenkeu\PDDIKTI-Scraper-V2\production\frontend\node_modules\@esbuild\win32-arm64
124 silly reify mark deleted [
124 silly reify   'D:\\Coding\\Magang_Kemenkeu\\PDDIKTI-Scraper-V2\\production\\frontend\\node_modules\\@esbuild\\win32-arm64'
124 silly reify ]
125 verbose reify failed optional dependency D:\Coding\Magang_Kemenkeu\PDDIKTI-Scraper-V2\production\frontend\node_modules\@esbuild\sunos-x64
126 silly reify mark deleted [
126 silly reify   'D:\\Coding\\Magang_Kemenkeu\\PDDIKTI-Scraper-V2\\production\\frontend\\node_modules\\@esbuild\\sunos-x64'
126 silly reify ]
127 verbose reify failed optional dependency D:\Coding\Magang_Kemenkeu\PDDIKTI-Scraper-V2\production\frontend\node_modules\@esbuild\openharmony-arm64
128 silly reify mark deleted [
128 silly reify   'D:\\Coding\\Magang_Kemenkeu\\PDDIKTI-Scraper-V2\\production\\frontend\\node_modules\\@esbuild\\openharmony-arm64'
128 silly reify ]
129 verbose reify failed optional dependency D:\Coding\Magang_Kemenkeu\PDDIKTI-Scraper-V2\production\frontend\node_modules\@esbuild\openbsd-x64
130 silly reify mark deleted [
130 silly reify   'D:\\Coding\\Magang_Kemenkeu\\PDDIKTI-Scraper-V2\\production\\frontend\\node_modules\\@esbuild\\openbsd-x64'
130 silly reify ]
131 verbose reify failed optional dependency D:\Coding\Magang_Kemenkeu\PDDIKTI-Scraper-V2\production\frontend\node_modules\@esbuild\openbsd-arm64
132 silly reify mark deleted [
132 silly reify   'D:\\Coding\\Magang_Kemenkeu\\PDDIKTI-Scraper-V2\\production\\frontend\\node_modules\\@esbuild\\openbsd-arm64'
132 silly reify ]
133 verbose reify failed optional dependency D:\Coding\Magang_Kemenkeu\PDDIKTI-Scraper-V2\production\frontend\node_modules\@esbuild\netbsd-x64
134 silly reify mark deleted [
134 silly reify   'D:\\Coding\\Magang_Kemenkeu\\PDDIKTI-Scraper-V2\\production\\frontend\\node_modules\\@esbuild\\netbsd-x64'
134 silly reify ]
135 verbose reify failed optional dependency D:\Coding\Magang_Kemenkeu\PDDIKTI-Scraper-V2\production\frontend\node_modules\@esbuild\netbsd-arm64
136 silly reify mark deleted [
136 silly reify   'D:\\Coding\\Magang_Kemenkeu\\PDDIKTI-Scraper-V2\\production\\frontend\\node_modules\\@esbuild\\netbsd-arm64'
136 silly reify ]
137 verbose reify failed optional dependency D:\Coding\Magang_Kemenkeu\PDDIKTI-Scraper-V2\production\frontend\node_modules\@esbuild\linux-x64
138 silly reify mark deleted [
138 silly reify   'D:\\Coding\\Magang_Kemenkeu\\PDDIKTI-Scraper-V2\\production\\frontend\\node_modules\\@esbuild\\linux-x64'
138 silly reify ]
139 verbose reify failed optional dependency D:\Coding\Magang_Kemenkeu\PDDIKTI-Scraper-V2\production\frontend\node_modules\@esbuild\linux-s390x
140 silly reify mark deleted [
140 silly reify   'D:\\Coding\\Magang_Kemenkeu\\PDDIKTI-Scraper-V2\\production\\frontend\\node_modules\\@esbuild\\linux-s390x'
140 silly reify ]
141 verbose reify failed optional dependency D:\Coding\Magang_Kemenkeu\PDDIKTI-Scraper-V2\production\frontend\node_modules\@esbuild\linux-riscv64
142 silly reify mark deleted [
142 silly reify   'D:\\Coding\\Magang_Kemenkeu\\PDDIKTI-Scraper-V2\\production\\frontend\\node_modules\\@esbuild\\linux-riscv64'
142 silly reify ]
143 verbose reify failed optional dependency D:\Coding\Magang_Kemenkeu\PDDIKTI-Scraper-V2\production\frontend\node_modules\@esbuild\linux-ppc64
144 silly reify mark deleted [
144 silly reify   'D:\\Coding\\Magang_Kemenkeu\\PDDIKTI-Scraper-V2\\production\\frontend\\node_modules\\@esbuild\\linux-ppc64'
144 silly reify ]
145 verbose reify failed optional dependency D:\Coding\Magang_Kemenkeu\PDDIKTI-Scraper-V2\production\frontend\node_modules\@esbuild\linux-mips64el
146 silly reify mark deleted [
146 silly reify   'D:\\Coding\\Magang_Kemenkeu\\PDDIKTI-Scraper-V2\\production\\frontend\\node_modules\\@esbuild\\linux-mips64el'
146 silly reify ]
147 verbose reify failed optional dependency D:\Coding\Magang_Kemenkeu\PDDIKTI-Scraper-V2\production\frontend\node_modules\@esbuild\linux-loong64
148 silly reify mark deleted [
148 silly reify   'D:\\Coding\\Magang_Kemenkeu\\PDDIKTI-Scraper-V2\\production\\frontend\\node_modules\\@esbuild\\linux-loong64'
148 silly reify ]
149 verbose reify failed optional dependency D:\Coding\Magang_Kemenkeu\PDDIKTI-Scraper-V2\production\frontend\node_modules\@esbuild\linux-ia32
150 silly reify mark deleted [
150 silly reify   'D:\\Coding\\Magang_Kemenkeu\\PDDIKTI-Scraper-V2\\production\\frontend\\node_modules\\@esbuild\\linux-ia32'
150 silly reify ]
151 verbose reify failed optional dependency D:\Coding\Magang_Kemenkeu\PDDIKTI-Scraper-V2\production\frontend\node_modules\@esbuild\linux-arm64
152 silly reify mark deleted [
152 silly reify   'D:\\Coding\\Magang_Kemenkeu\\PDDIKTI-Scraper-V2\\production\\frontend\\node_modules\\@esbuild\\linux-arm64'
152 silly reify ]
153 verbose reify failed optional dependency D:\Coding\Magang_Kemenkeu\PDDIKTI-Scraper-V2\production\frontend\node_modules\@esbuild\linux-arm
154 silly reify mark deleted [
154 silly reify   'D:\\Coding\\Magang_Kemenkeu\\PDDIKTI-Scraper-V2\\production\\frontend\\node_modules\\@esbuild\\linux-arm'
154 silly reify ]
155 verbose reify failed optional dependency D:\Coding\Magang_Kemenkeu\PDDIKTI-Scraper-V2\production\frontend\node_modules\@esbuild\freebsd-x64
156 silly reify mark deleted [
156 silly reify   'D:\\Coding\\Magang_Kemenkeu\\PDDIKTI-Scraper-V2\\production\\frontend\\node_modules\\@esbuild\\freebsd-x64'
156 silly reify ]
157 verbose reify failed optional dependency D:\Coding\Magang_Kemenkeu\PDDIKTI-Scraper-V2\production\frontend\node_modules\@esbuild\freebsd-arm64
158 silly reify mark deleted [
158 silly reify   'D:\\Coding\\Magang_Kemenkeu\\PDDIKTI-Scraper-V2\\production\\frontend\\node_modules\\@esbuild\\freebsd-arm64'
158 silly reify ]
159 verbose reify failed optional dependency D:\Coding\Magang_Kemenkeu\PDDIKTI-Scraper-V2\production\frontend\node_modules\@esbuild\darwin-x64
160 silly reify mark deleted [
160 silly reify   'D:\\Coding\\Magang_Kemenkeu\\PDDIKTI-Scraper-V2\\production\\frontend\\node_modules\\@esbuild\\darwin-x64'
160 silly reify ]
161 verbose reify failed optional dependency D:\Coding\Magang_Kemenkeu\PDDIKTI-Scraper-V2\production\frontend\node_modules\@esbuild\darwin-arm64
162 silly reify mark deleted [
162 silly reify   'D:\\Coding\\Magang_Kemenkeu\\PDDIKTI-Scraper-V2\\production\\frontend\\node_modules\\@esbuild\\darwin-arm64'
162 silly reify ]
163 verbose reify failed optional dependency D:\Coding\Magang_Kemenkeu\PDDIKTI-Scraper-V2\production\frontend\node_modules\@esbuild\android-x64
164 silly reify mark deleted [
164 silly reify   'D:\\Coding\\Magang_Kemenkeu\\PDDIKTI-Scraper-V2\\production\\frontend\\node_modules\\@esbuild\\android-x64'
164 silly reify ]
165 verbose reify failed optional dependency D:\Coding\Magang_Kemenkeu\PDDIKTI-Scraper-V2\production\frontend\node_modules\@esbuild\android-arm64
166 silly reify mark deleted [
166 silly reify   'D:\\Coding\\Magang_Kemenkeu\\PDDIKTI-Scraper-V2\\production\\frontend\\node_modules\\@esbuild\\android-arm64'
166 silly reify ]
167 verbose reify failed optional dependency D:\Coding\Magang_Kemenkeu\PDDIKTI-Scraper-V2\production\frontend\node_modules\@esbuild\android-arm
168 silly reify mark deleted [
168 silly reify   'D:\\Coding\\Magang_Kemenkeu\\PDDIKTI-Scraper-V2\\production\\frontend\\node_modules\\@esbuild\\android-arm'
168 silly reify ]
169 verbose reify failed optional dependency D:\Coding\Magang_Kemenkeu\PDDIKTI-Scraper-V2\production\frontend\node_modules\@esbuild\aix-ppc64
170 silly reify mark deleted [
170 silly reify   'D:\\Coding\\Magang_Kemenkeu\\PDDIKTI-Scraper-V2\\production\\frontend\\node_modules\\@esbuild\\aix-ppc64'
170 silly reify ]
171 http cache yocto-queue@https://registry.npmjs.org/yocto-queue/-/yocto-queue-0.1.0.tgz 2ms (cache hit)
172 http cache yargs-parser@https://registry.npmjs.org/yargs-parser/-/yargs-parser-21.1.1.tgz 0ms (cache hit)
173 http cache yargs@https://registry.npmjs.org/yargs/-/yargs-17.7.3.tgz 0ms (cache hit)
174 http cache y18n@https://registry.npmjs.org/y18n/-/y18n-5.0.8.tgz 0ms (cache hit)
175 http cache xmlbuilder@https://registry.npmjs.org/xmlbuilder/-/xmlbuilder-15.1.1.tgz 0ms (cache hit)
176 http cache yallist@https://registry.npmjs.org/yallist/-/yallist-3.1.1.tgz 0ms (cache hit)
177 http cache wrappy@https://registry.npmjs.org/wrappy/-/wrappy-1.0.2.tgz 0ms (cache hit)
178 http cache wrap-ansi@https://registry.npmjs.org/wrap-ansi/-/wrap-ansi-7.0.0.tgz 0ms (cache hit)
179 http cache webcrypto-core@https://registry.npmjs.org/webcrypto-core/-/webcrypto-core-1.9.2.tgz 0ms (cache hit)
180 http cache victory-vendor@https://registry.npmjs.org/victory-vendor/-/victory-vendor-37.3.6.tgz 0ms (cache hit)
181 http cache which@https://registry.npmjs.org/which/-/which-5.0.0.tgz 0ms (cache hit)
182 http cache vite@https://registry.npmjs.org/vite/-/vite-6.4.3.tgz 0ms (cache hit)
183 http cache utf8-byte-length@https://registry.npmjs.org/utf8-byte-length/-/utf8-byte-length-1.0.5.tgz 0ms (cache hit)
184 http cache util-deprecate@https://registry.npmjs.org/util-deprecate/-/util-deprecate-1.0.2.tgz 0ms (cache hit)
185 http cache use-sync-external-store@https://registry.npmjs.org/use-sync-external-store/-/use-sync-external-store-1.6.0.tgz 0ms (cache hit)
186 http cache update-browserslist-db@https://registry.npmjs.org/update-browserslist-db/-/update-browserslist-db-1.3.2.tgz 0ms (cache hit)
187 http cache unzipper@https://registry.npmjs.org/unzipper/-/unzipper-0.12.5.tgz 0ms (cache hit)
188 http cache universalify@https://registry.npmjs.org/universalify/-/universalify-2.0.1.tgz 0ms (cache hit)
189 http cache undici-types@https://registry.npmjs.org/undici-types/-/undici-types-6.21.0.tgz 0ms (cache hit)
190 http cache undici@https://registry.npmjs.org/undici/-/undici-7.29.1.tgz 0ms (cache hit)
191 http cache typescript@https://registry.npmjs.org/typescript/-/typescript-5.7.3.tgz 0ms (cache hit)
192 http cache type-fest@https://registry.npmjs.org/type-fest/-/type-fest-0.13.1.tgz 0ms (cache hit)
193 http cache tslib@https://registry.npmjs.org/tslib/-/tslib-2.8.1.tgz 0ms (cache hit)
194 http cache truncate-utf8-bytes@https://registry.npmjs.org/truncate-utf8-bytes/-/truncate-utf8-bytes-1.0.2.tgz 0ms (cache hit)
195 http cache tmp-promise@https://registry.npmjs.org/tmp-promise/-/tmp-promise-3.0.3.tgz 0ms (cache hit)
196 http cache tmp@https://registry.npmjs.org/tmp/-/tmp-0.2.7.tgz 0ms (cache hit)
197 http cache tinyglobby@https://registry.npmjs.org/tinyglobby/-/tinyglobby-0.2.17.tgz 0ms (cache hit)
198 http cache tiny-invariant@https://registry.npmjs.org/tiny-invariant/-/tiny-invariant-1.3.3.tgz 0ms (cache hit)
199 http cache tiny-async-pool@https://registry.npmjs.org/tiny-async-pool/-/tiny-async-pool-1.3.0.tgz 0ms (cache hit)
200 http cache temp-file@https://registry.npmjs.org/temp-file/-/temp-file-3.4.0.tgz 0ms (cache hit)
201 http cache temp@https://registry.npmjs.org/temp/-/temp-0.9.4.tgz 0ms (cache hit)
202 http cache tar@https://registry.npmjs.org/tar/-/tar-7.5.22.tgz 0ms (cache hit)
203 http cache tailwind-merge@https://registry.npmjs.org/tailwind-merge/-/tailwind-merge-3.6.0.tgz 0ms (cache hit)
204 http cache tailwindcss@https://registry.npmjs.org/tailwindcss/-/tailwindcss-4.3.3.tgz 0ms (cache hit)
205 http cache sumchecker@https://registry.npmjs.org/sumchecker/-/sumchecker-3.0.1.tgz 0ms (cache hit)
206 http cache strip-ansi@https://registry.npmjs.org/strip-ansi/-/strip-ansi-6.0.1.tgz 0ms (cache hit)
207 http cache string-width@https://registry.npmjs.org/string-width/-/string-width-4.2.3.tgz 0ms (cache hit)
208 http cache tapable@https://registry.npmjs.org/tapable/-/tapable-2.3.3.tgz 0ms (cache hit)
209 http cache supports-color@https://registry.npmjs.org/supports-color/-/supports-color-7.2.0.tgz 0ms (cache hit)
210 http cache string_decoder@https://registry.npmjs.org/string_decoder/-/string_decoder-1.1.1.tgz 0ms (cache hit)
211 http cache source-map-support@https://registry.npmjs.org/source-map-support/-/source-map-support-0.5.21.tgz 0ms (cache hit)
212 http cache sprintf-js@https://registry.npmjs.org/sprintf-js/-/sprintf-js-1.1.3.tgz 0ms (cache hit)
213 http cache stat-mode@https://registry.npmjs.org/stat-mode/-/stat-mode-1.0.0.tgz 0ms (cache hit)
214 http cache source-map-js@https://registry.npmjs.org/source-map-js/-/source-map-js-1.2.1.tgz 0ms (cache hit)
215 http cache source-map@https://registry.npmjs.org/source-map/-/source-map-0.6.1.tgz 0ms (cache hit)
216 http cache simple-update-notifier@https://registry.npmjs.org/simple-update-notifier/-/simple-update-notifier-2.0.0.tgz 1ms (cache hit)
217 http cache signal-exit@https://registry.npmjs.org/signal-exit/-/signal-exit-3.0.7.tgz 0ms (cache hit)
218 http cache shebang-command@https://registry.npmjs.org/shebang-command/-/shebang-command-2.0.0.tgz 0ms (cache hit)
219 http cache shebang-regex@https://registry.npmjs.org/shebang-regex/-/shebang-regex-3.0.0.tgz 0ms (cache hit)
220 http cache serialize-error@https://registry.npmjs.org/serialize-error/-/serialize-error-7.0.1.tgz 0ms (cache hit)
221 http cache semver@https://registry.npmjs.org/semver/-/semver-6.3.1.tgz 0ms (cache hit)
222 http cache semver-compare@https://registry.npmjs.org/semver-compare/-/semver-compare-1.0.0.tgz 0ms (cache hit)
223 http cache scheduler@https://registry.npmjs.org/scheduler/-/scheduler-0.23.2.tgz 0ms (cache hit)
224 http cache rollup@https://registry.npmjs.org/rollup/-/rollup-4.63.1.tgz 0ms (cache hit)
225 http cache safe-buffer@https://registry.npmjs.org/safe-buffer/-/safe-buffer-5.1.2.tgz 0ms (cache hit)
226 http cache sanitize-filename@https://registry.npmjs.org/sanitize-filename/-/sanitize-filename-1.6.4.tgz 0ms (cache hit)
227 http cache sax@https://registry.npmjs.org/sax/-/sax-1.6.1.tgz 0ms (cache hit)
228 http cache retry@https://registry.npmjs.org/retry/-/retry-0.12.0.tgz 0ms (cache hit)
229 http cache rimraf@https://registry.npmjs.org/rimraf/-/rimraf-2.6.3.tgz 0ms (cache hit)
230 http cache roarr@https://registry.npmjs.org/roarr/-/roarr-2.15.4.tgz 0ms (cache hit)
231 http cache reselect@https://registry.npmjs.org/reselect/-/reselect-5.2.0.tgz 0ms (cache hit)
232 http cache responselike@https://registry.npmjs.org/responselike/-/responselike-2.0.1.tgz 0ms (cache hit)
233 http cache require-from-string@https://registry.npmjs.org/require-from-string/-/require-from-string-2.0.2.tgz 0ms (cache hit)
234 http cache resolve-alpn@https://registry.npmjs.org/resolve-alpn/-/resolve-alpn-1.2.1.tgz 0ms (cache hit)
235 http cache require-directory@https://registry.npmjs.org/require-directory/-/require-directory-2.1.1.tgz 0ms (cache hit)
236 http cache redux-thunk@https://registry.npmjs.org/redux-thunk/-/redux-thunk-3.1.0.tgz 0ms (cache hit)
237 http cache resedit@https://registry.npmjs.org/resedit/-/resedit-1.7.2.tgz 0ms (cache hit)
238 http cache redux@https://registry.npmjs.org/redux/-/redux-5.0.1.tgz 0ms (cache hit)
239 http cache recharts@https://registry.npmjs.org/recharts/-/recharts-3.10.1.tgz 0ms (cache hit)
240 http cache readable-stream@https://registry.npmjs.org/readable-stream/-/readable-stream-2.3.8.tgz 0ms (cache hit)
241 http cache read-binary-file-arch@https://registry.npmjs.org/read-binary-file-arch/-/read-binary-file-arch-1.0.6.tgz 0ms (cache hit)
242 http cache react-refresh@https://registry.npmjs.org/react-refresh/-/react-refresh-0.17.0.tgz 0ms (cache hit)
243 http cache react-redux@https://registry.npmjs.org/react-redux/-/react-redux-9.3.0.tgz 0ms (cache hit)
244 http cache react-is@https://registry.npmjs.org/react-is/-/react-is-18.3.1.tgz 0ms (cache hit)
245 http cache react-dom@https://registry.npmjs.org/react-dom/-/react-dom-18.3.1.tgz 0ms (cache hit)
246 http cache react@https://registry.npmjs.org/react/-/react-18.3.1.tgz 0ms (cache hit)
247 http cache quick-lru@https://registry.npmjs.org/quick-lru/-/quick-lru-5.1.1.tgz 0ms (cache hit)
248 http cache rcedit@https://registry.npmjs.org/rcedit/-/rcedit-5.0.2.tgz 0ms (cache hit)
249 http cache pvtsutils@https://registry.npmjs.org/pvtsutils/-/pvtsutils-1.3.6.tgz 0ms (cache hit)
250 http cache pump@https://registry.npmjs.org/pump/-/pump-3.0.4.tgz 0ms (cache hit)
251 http cache proper-lockfile@https://registry.npmjs.org/proper-lockfile/-/proper-lockfile-4.1.2.tgz 0ms (cache hit)
252 http cache pvutils@https://registry.npmjs.org/pvutils/-/pvutils-1.2.0.tgz 0ms (cache hit)
253 http cache promise-retry@https://registry.npmjs.org/promise-retry/-/promise-retry-2.0.1.tgz 0ms (cache hit)
254 http cache progress@https://registry.npmjs.org/progress/-/progress-2.0.3.tgz 0ms (cache hit)
255 http cache process-nextick-args@https://registry.npmjs.org/process-nextick-args/-/process-nextick-args-2.0.1.tgz 0ms (cache hit)
256 http cache postject@https://registry.npmjs.org/postject/-/postject-1.0.0-alpha.6.tgz 0ms (cache hit)
257 http cache proc-log@https://registry.npmjs.org/proc-log/-/proc-log-6.1.0.tgz 0ms (cache hit)
258 http cache postcss@https://registry.npmjs.org/postcss/-/postcss-8.5.28.tgz 0ms (cache hit)
259 http cache pngjs@https://registry.npmjs.org/pngjs/-/pngjs-7.0.0.tgz 0ms (cache hit)
260 http cache plist@https://registry.npmjs.org/plist/-/plist-3.1.0.tgz 0ms (cache hit)
261 http cache png-to-ico@https://registry.npmjs.org/png-to-ico/-/png-to-ico-3.0.1.tgz 0ms (cache hit)
262 http cache pkijs@https://registry.npmjs.org/pkijs/-/pkijs-3.4.0.tgz 0ms (cache hit)
263 http cache picomatch@https://registry.npmjs.org/picomatch/-/picomatch-4.0.7.tgz 0ms (cache hit)
264 http cache pe-library@https://registry.npmjs.org/pe-library/-/pe-library-0.4.1.tgz 0ms (cache hit)
265 http cache path-key@https://registry.npmjs.org/path-key/-/path-key-3.1.1.tgz 0ms (cache hit)
266 http cache picocolors@https://registry.npmjs.org/picocolors/-/picocolors-1.1.1.tgz 0ms (cache hit)
267 http cache path-is-absolute@https://registry.npmjs.org/path-is-absolute/-/path-is-absolute-1.0.1.tgz 1ms (cache hit)
268 http cache p-cancelable@https://registry.npmjs.org/p-cancelable/-/p-cancelable-2.1.1.tgz 0ms (cache hit)
269 http cache p-limit@https://registry.npmjs.org/p-limit/-/p-limit-3.1.0.tgz 0ms (cache hit)
270 http cache once@https://registry.npmjs.org/once/-/once-1.4.0.tgz 0ms (cache hit)
271 http cache normalize-url@https://registry.npmjs.org/normalize-url/-/normalize-url-6.1.0.tgz 0ms (cache hit)
272 http cache object-keys@https://registry.npmjs.org/object-keys/-/object-keys-1.1.1.tgz 0ms (cache hit)
273 http cache nopt@https://registry.npmjs.org/nopt/-/nopt-9.0.0.tgz 0ms (cache hit)
274 http cache node-releases@https://registry.npmjs.org/node-releases/-/node-releases-2.0.55.tgz 0ms (cache hit)
275 http cache node-int64@https://registry.npmjs.org/node-int64/-/node-int64-0.4.0.tgz 0ms (cache hit)
276 http cache node-api-version@https://registry.npmjs.org/node-api-version/-/node-api-version-0.2.1.tgz 0ms (cache hit)
277 http cache node-abi@https://registry.npmjs.org/node-abi/-/node-abi-4.35.0.tgz 0ms (cache hit)
278 http cache motion-utils@https://registry.npmjs.org/motion-utils/-/motion-utils-12.39.0.tgz 0ms (cache hit)
279 http cache node-gyp@https://registry.npmjs.org/node-gyp/-/node-gyp-12.4.0.tgz 0ms (cache hit)
280 http cache nanoid@https://registry.npmjs.org/nanoid/-/nanoid-3.3.18.tgz 0ms (cache hit)
281 http cache ms@https://registry.npmjs.org/ms/-/ms-2.1.3.tgz 0ms (cache hit)
282 http cache motion-dom@https://registry.npmjs.org/motion-dom/-/motion-dom-12.43.0.tgz 0ms (cache hit)
283 http cache mkdirp@https://registry.npmjs.org/mkdirp/-/mkdirp-0.5.6.tgz 0ms (cache hit)
284 http cache minizlib@https://registry.npmjs.org/minizlib/-/minizlib-3.1.0.tgz 0ms (cache hit)
285 http cache minipass@https://registry.npmjs.org/minipass/-/minipass-7.1.3.tgz 0ms (cache hit)
286 http cache motion@https://registry.npmjs.org/motion/-/motion-12.43.0.tgz 0ms (cache hit)
287 http cache minimist@https://registry.npmjs.org/minimist/-/minimist-1.2.8.tgz 0ms (cache hit)
288 http cache minimatch@https://registry.npmjs.org/minimatch/-/minimatch-10.2.6.tgz 0ms (cache hit)
289 http cache mimic-response@https://registry.npmjs.org/mimic-response/-/mimic-response-1.0.1.tgz 0ms (cache hit)
290 http cache mime-types@https://registry.npmjs.org/mime-types/-/mime-types-2.1.35.tgz 0ms (cache hit)
291 http cache mime-db@https://registry.npmjs.org/mime-db/-/mime-db-1.52.0.tgz 0ms (cache hit)
292 http cache math-intrinsics@https://registry.npmjs.org/math-intrinsics/-/math-intrinsics-1.1.0.tgz 0ms (cache hit)
293 http cache mime@https://registry.npmjs.org/mime/-/mime-2.6.0.tgz 0ms (cache hit)
294 http cache matcher@https://registry.npmjs.org/matcher/-/matcher-3.0.0.tgz 0ms (cache hit)
295 http cache magic-string@https://registry.npmjs.org/magic-string/-/magic-string-0.30.21.tgz 0ms (cache hit)
296 http cache lucide-react@https://registry.npmjs.org/lucide-react/-/lucide-react-0.468.0.tgz 0ms (cache hit)
297 http cache lru-cache@https://registry.npmjs.org/lru-cache/-/lru-cache-5.1.1.tgz 0ms (cache hit)
298 http cache loose-envify@https://registry.npmjs.org/loose-envify/-/loose-envify-1.4.0.tgz 0ms (cache hit)
299 http cache lowercase-keys@https://registry.npmjs.org/lowercase-keys/-/lowercase-keys-2.0.0.tgz 0ms (cache hit)
300 http cache lodash@https://registry.npmjs.org/lodash/-/lodash-4.18.1.tgz 0ms (cache hit)
301 http cache lightningcss@https://registry.npmjs.org/lightningcss/-/lightningcss-1.32.0.tgz 0ms (cache hit)
302 http cache lightningcss-win32-x64-msvc@https://registry.npmjs.org/lightningcss-win32-x64-msvc/-/lightningcss-win32-x64-msvc-1.32.0.tgz 0ms (cache hit)
303 http cache lazy-val@https://registry.npmjs.org/lazy-val/-/lazy-val-1.0.5.tgz 0ms (cache hit)
304 http cache keyv@https://registry.npmjs.org/keyv/-/keyv-4.5.4.tgz 0ms (cache hit)
305 http cache jsonfile@https://registry.npmjs.org/jsonfile/-/jsonfile-6.2.1.tgz 0ms (cache hit)
306 http cache json5@https://registry.npmjs.org/json5/-/json5-2.2.3.tgz 0ms (cache hit)
307 http cache json-stringify-safe@https://registry.npmjs.org/json-stringify-safe/-/json-stringify-safe-5.0.1.tgz 0ms (cache hit)
308 http cache json-schema-traverse@https://registry.npmjs.org/json-schema-traverse/-/json-schema-traverse-1.0.0.tgz 0ms (cache hit)
309 http cache json-buffer@https://registry.npmjs.org/json-buffer/-/json-buffer-3.0.1.tgz 0ms (cache hit)
310 http cache js-yaml@https://registry.npmjs.org/js-yaml/-/js-yaml-4.3.2.tgz 0ms (cache hit)
311 http cache jsesc@https://registry.npmjs.org/jsesc/-/jsesc-3.1.0.tgz 0ms (cache hit)
312 http cache jiti@https://registry.npmjs.org/jiti/-/jiti-2.7.0.tgz 0ms (cache hit)
313 http cache jake@https://registry.npmjs.org/jake/-/jake-10.9.4.tgz 0ms (cache hit)
314 http cache isexe@https://registry.npmjs.org/isexe/-/isexe-3.1.5.tgz 0ms (cache hit)
315 http cache js-tokens@https://registry.npmjs.org/js-tokens/-/js-tokens-4.0.0.tgz 0ms (cache hit)
316 http cache isbinaryfile@https://registry.npmjs.org/isbinaryfile/-/isbinaryfile-5.0.7.tgz 0ms (cache hit)
317 http cache is-fullwidth-code-point@https://registry.npmjs.org/is-fullwidth-code-point/-/is-fullwidth-code-point-3.0.0.tgz 0ms (cache hit)
318 http cache is-wsl@https://registry.npmjs.org/is-wsl/-/is-wsl-2.2.0.tgz 0ms (cache hit)
319 http cache isarray@https://registry.npmjs.org/isarray/-/isarray-1.0.0.tgz 0ms (cache hit)
320 http cache internmap@https://registry.npmjs.org/internmap/-/internmap-2.0.3.tgz 0ms (cache hit)
321 http cache is-docker@https://registry.npmjs.org/is-docker/-/is-docker-2.2.1.tgz 0ms (cache hit)
322 http cache inflight@https://registry.npmjs.org/inflight/-/inflight-1.0.6.tgz 0ms (cache hit)
323 http cache immer@https://registry.npmjs.org/immer/-/immer-11.1.18.tgz 0ms (cache hit)
324 http cache inherits@https://registry.npmjs.org/inherits/-/inherits-2.0.4.tgz 0ms (cache hit)
325 http cache https-proxy-agent@https://registry.npmjs.org/https-proxy-agent/-/https-proxy-agent-7.0.6.tgz 0ms (cache hit)
326 http cache http2-wrapper@https://registry.npmjs.org/http2-wrapper/-/http2-wrapper-1.0.3.tgz 0ms (cache hit)
327 http cache http-proxy-agent@https://registry.npmjs.org/http-proxy-agent/-/http-proxy-agent-7.0.2.tgz 0ms (cache hit)
328 http cache http-cache-semantics@https://registry.npmjs.org/http-cache-semantics/-/http-cache-semantics-4.2.0.tgz 0ms (cache hit)
329 http cache hosted-git-info@https://registry.npmjs.org/hosted-git-info/-/hosted-git-info-4.1.0.tgz 0ms (cache hit)
330 http cache hasown@https://registry.npmjs.org/hasown/-/hasown-2.0.4.tgz 0ms (cache hit)
331 http cache has-tostringtag@https://registry.npmjs.org/has-tostringtag/-/has-tostringtag-1.0.2.tgz 0ms (cache hit)
332 http cache has-property-descriptors@https://registry.npmjs.org/has-property-descriptors/-/has-property-descriptors-1.0.2.tgz 0ms (cache hit)
333 http cache has-flag@https://registry.npmjs.org/has-flag/-/has-flag-4.0.0.tgz 0ms (cache hit)
334 http cache has-symbols@https://registry.npmjs.org/has-symbols/-/has-symbols-1.1.0.tgz 0ms (cache hit)
335 http cache gsap@https://registry.npmjs.org/gsap/-/gsap-3.15.0.tgz 0ms (cache hit)
336 http cache graceful-fs@https://registry.npmjs.org/graceful-fs/-/graceful-fs-4.2.11.tgz 0ms (cache hit)
337 http cache got@https://registry.npmjs.org/got/-/got-11.8.6.tgz 0ms (cache hit)
338 http cache gopd@https://registry.npmjs.org/gopd/-/gopd-1.2.0.tgz 0ms (cache hit)
339 http cache globalthis@https://registry.npmjs.org/globalthis/-/globalthis-1.0.4.tgz 0ms (cache hit)
340 http cache get-stream@https://registry.npmjs.org/get-stream/-/get-stream-5.2.0.tgz 0ms (cache hit)
341 http cache glob@https://registry.npmjs.org/glob/-/glob-7.2.3.tgz 0ms (cache hit)
342 http cache get-proto@https://registry.npmjs.org/get-proto/-/get-proto-1.0.1.tgz 0ms (cache hit)
343 http cache global-agent@https://registry.npmjs.org/global-agent/-/global-agent-3.0.0.tgz 0ms (cache hit)
344 http cache get-caller-file@https://registry.npmjs.org/get-caller-file/-/get-caller-file-2.0.5.tgz 0ms (cache hit)
345 http cache get-intrinsic@https://registry.npmjs.org/get-intrinsic/-/get-intrinsic-1.3.0.tgz 0ms (cache hit)
346 http cache gensync@https://registry.npmjs.org/gensync/-/gensync-1.0.0-beta.2.tgz 0ms (cache hit)
347 http cache function-bind@https://registry.npmjs.org/function-bind/-/function-bind-1.1.2.tgz 0ms (cache hit)
348 http cache fs.realpath@https://registry.npmjs.org/fs.realpath/-/fs.realpath-1.0.0.tgz 0ms (cache hit)
349 http cache framer-motion@https://registry.npmjs.org/framer-motion/-/framer-motion-12.43.0.tgz 0ms (cache hit)
350 http cache fs-extra@https://registry.npmjs.org/fs-extra/-/fs-extra-10.1.0.tgz 0ms (cache hit)
351 http cache form-data@https://registry.npmjs.org/form-data/-/form-data-4.0.6.tgz 0ms (cache hit)
352 http cache fdir@https://registry.npmjs.org/fdir/-/fdir-6.5.0.tgz 0ms (cache hit)
353 http cache filelist@https://registry.npmjs.org/filelist/-/filelist-1.0.6.tgz 0ms (cache hit)
354 http cache fast-uri@https://registry.npmjs.org/fast-uri/-/fast-uri-3.1.7.tgz 0ms (cache hit)
355 http cache fast-deep-equal@https://registry.npmjs.org/fast-deep-equal/-/fast-deep-equal-3.1.3.tgz 0ms (cache hit)
356 http cache eventemitter3@https://registry.npmjs.org/eventemitter3/-/eventemitter3-5.0.4.tgz 0ms (cache hit)
357 http cache escape-string-regexp@https://registry.npmjs.org/escape-string-regexp/-/escape-string-regexp-4.0.0.tgz 0ms (cache hit)
358 http cache escalade@https://registry.npmjs.org/escalade/-/escalade-3.2.0.tgz 0ms (cache hit)
359 http cache exponential-backoff@https://registry.npmjs.org/exponential-backoff/-/exponential-backoff-3.1.3.tgz 0ms (cache hit)
360 http cache esbuild@https://registry.npmjs.org/esbuild/-/esbuild-0.25.12.tgz 0ms (cache hit)
361 http cache es-toolkit@https://registry.npmjs.org/es-toolkit/-/es-toolkit-1.52.0.tgz 0ms (cache hit)
362 http cache es6-error@https://registry.npmjs.org/es6-error/-/es6-error-4.1.1.tgz 0ms (cache hit)
363 http cache es-object-atoms@https://registry.npmjs.org/es-object-atoms/-/es-object-atoms-1.1.2.tgz 0ms (cache hit)
364 http cache es-set-tostringtag@https://registry.npmjs.org/es-set-tostringtag/-/es-set-tostringtag-2.1.0.tgz 0ms (cache hit)
365 http cache es-define-property@https://registry.npmjs.org/es-define-property/-/es-define-property-1.0.1.tgz 0ms (cache hit)
366 http cache es-errors@https://registry.npmjs.org/es-errors/-/es-errors-1.3.0.tgz 0ms (cache hit)
367 http cache env-paths@https://registry.npmjs.org/env-paths/-/env-paths-3.0.0.tgz 0ms (cache hit)
368 http cache err-code@https://registry.npmjs.org/err-code/-/err-code-2.0.3.tgz 0ms (cache hit)
369 http cache enhanced-resolve@https://registry.npmjs.org/enhanced-resolve/-/enhanced-resolve-5.24.5.tgz 0ms (cache hit)
370 http cache emoji-regex@https://registry.npmjs.org/emoji-regex/-/emoji-regex-8.0.0.tgz 0ms (cache hit)
371 http cache end-of-stream@https://registry.npmjs.org/end-of-stream/-/end-of-stream-1.4.5.tgz 0ms (cache hit)
372 http cache electron-winstaller@https://registry.npmjs.org/electron-winstaller/-/electron-winstaller-5.4.0.tgz 0ms (cache hit)
373 http cache electron-to-chromium@https://registry.npmjs.org/electron-to-chromium/-/electron-to-chromium-1.5.425.tgz 0ms (cache hit)
374 http cache electron-builder-squirrel-windows@https://registry.npmjs.org/electron-builder-squirrel-windows/-/electron-builder-squirrel-windows-26.15.3.tgz 0ms (cache hit)
375 http cache electron-publish@https://registry.npmjs.org/electron-publish/-/electron-publish-26.15.3.tgz 0ms (cache hit)
376 http cache electron@https://registry.npmjs.org/electron/-/electron-42.7.1.tgz 0ms (cache hit)
377 http cache electron-builder@https://registry.npmjs.org/electron-builder/-/electron-builder-26.15.3.tgz 0ms (cache hit)
378 http cache duplexer2@https://registry.npmjs.org/duplexer2/-/duplexer2-0.1.4.tgz 0ms (cache hit)
379 http cache ejs@https://registry.npmjs.org/ejs/-/ejs-3.1.10.tgz 0ms (cache hit)
380 http cache dotenv@https://registry.npmjs.org/dotenv/-/dotenv-16.6.1.tgz 0ms (cache hit)
381 http cache dunder-proto@https://registry.npmjs.org/dunder-proto/-/dunder-proto-1.0.1.tgz 0ms (cache hit)
382 http cache dmg-builder@https://registry.npmjs.org/dmg-builder/-/dmg-builder-26.15.3.tgz 0ms (cache hit)
383 http cache dotenv-expand@https://registry.npmjs.org/dotenv-expand/-/dotenv-expand-11.0.7.tgz 0ms (cache hit)
384 http cache detect-node@https://registry.npmjs.org/detect-node/-/detect-node-2.1.0.tgz 0ms (cache hit)
385 http cache dir-compare@https://registry.npmjs.org/dir-compare/-/dir-compare-4.2.0.tgz 0ms (cache hit)
386 http cache delayed-stream@https://registry.npmjs.org/delayed-stream/-/delayed-stream-1.0.0.tgz 0ms (cache hit)
387 http cache detect-libc@https://registry.npmjs.org/detect-libc/-/detect-libc-2.1.2.tgz 0ms (cache hit)
388 http cache define-properties@https://registry.npmjs.org/define-properties/-/define-properties-1.2.1.tgz 0ms (cache hit)
389 http cache define-data-property@https://registry.npmjs.org/define-data-property/-/define-data-property-1.1.4.tgz 0ms (cache hit)
390 http cache defer-to-connect@https://registry.npmjs.org/defer-to-connect/-/defer-to-connect-2.0.1.tgz 0ms (cache hit)
391 http cache decompress-response@https://registry.npmjs.org/decompress-response/-/decompress-response-6.0.0.tgz 0ms (cache hit)
392 http cache debug@https://registry.npmjs.org/debug/-/debug-4.4.3.tgz 0ms (cache hit)
393 http cache decimal.js-light@https://registry.npmjs.org/decimal.js-light/-/decimal.js-light-2.5.1.tgz 0ms (cache hit)
394 http cache d3-timer@https://registry.npmjs.org/d3-timer/-/d3-timer-3.0.1.tgz 0ms (cache hit)
395 http cache d3-time-format@https://registry.npmjs.org/d3-time-format/-/d3-time-format-4.1.0.tgz 0ms (cache hit)
396 http cache d3-time@https://registry.npmjs.org/d3-time/-/d3-time-3.1.0.tgz 0ms (cache hit)
397 http cache d3-path@https://registry.npmjs.org/d3-path/-/d3-path-3.1.0.tgz 0ms (cache hit)
398 http cache d3-scale@https://registry.npmjs.org/d3-scale/-/d3-scale-4.0.2.tgz 0ms (cache hit)
399 http cache d3-shape@https://registry.npmjs.org/d3-shape/-/d3-shape-3.2.0.tgz 0ms (cache hit)
400 http cache d3-ease@https://registry.npmjs.org/d3-ease/-/d3-ease-3.0.1.tgz 0ms (cache hit)
401 http cache d3-interpolate@https://registry.npmjs.org/d3-interpolate/-/d3-interpolate-3.0.1.tgz 0ms (cache hit)
402 http cache d3-format@https://registry.npmjs.org/d3-format/-/d3-format-3.1.2.tgz 0ms (cache hit)
403 http cache d3-color@https://registry.npmjs.org/d3-color/-/d3-color-3.1.0.tgz 0ms (cache hit)
404 http cache csstype@https://registry.npmjs.org/csstype/-/csstype-3.2.3.tgz 0ms (cache hit)
405 http cache d3-array@https://registry.npmjs.org/d3-array/-/d3-array-3.2.4.tgz 0ms (cache hit)
406 http cache cross-spawn@https://registry.npmjs.org/cross-spawn/-/cross-spawn-7.0.6.tgz 0ms (cache hit)
407 http cache cross-spawn-windows-exe@https://registry.npmjs.org/cross-spawn-windows-exe/-/cross-spawn-windows-exe-1.2.0.tgz 0ms (cache hit)
408 http cache core-util-is@https://registry.npmjs.org/core-util-is/-/core-util-is-1.0.3.tgz 0ms (cache hit)
409 http cache cross-dirname@https://registry.npmjs.org/cross-dirname/-/cross-dirname-0.1.0.tgz 0ms (cache hit)
410 http cache convert-source-map@https://registry.npmjs.org/convert-source-map/-/convert-source-map-2.0.0.tgz 0ms (cache hit)
411 http cache concat-map@https://registry.npmjs.org/concat-map/-/concat-map-0.0.1.tgz 0ms (cache hit)
412 http cache combined-stream@https://registry.npmjs.org/combined-stream/-/combined-stream-1.0.8.tgz 0ms (cache hit)
413 http cache color-name@https://registry.npmjs.org/color-name/-/color-name-1.1.4.tgz 0ms (cache hit)
414 http cache commander@https://registry.npmjs.org/commander/-/commander-5.1.0.tgz 0ms (cache hit)
415 http cache clsx@https://registry.npmjs.org/clsx/-/clsx-2.1.1.tgz 0ms (cache hit)
416 http cache color-convert@https://registry.npmjs.org/color-convert/-/color-convert-2.0.1.tgz 0ms (cache hit)
417 http cache compare-version@https://registry.npmjs.org/compare-version/-/compare-version-0.1.2.tgz 0ms (cache hit)
418 http cache cliui@https://registry.npmjs.org/cliui/-/cliui-8.0.1.tgz 0ms (cache hit)
419 http cache clone-response@https://registry.npmjs.org/clone-response/-/clone-response-1.0.3.tgz 0ms (cache hit)
420 http cache ci-info@https://registry.npmjs.org/ci-info/-/ci-info-4.4.0.tgz 0ms (cache hit)
421 http cache chromium-pickle-js@https://registry.npmjs.org/chromium-pickle-js/-/chromium-pickle-js-0.2.0.tgz 0ms (cache hit)
422 http cache chalk@https://registry.npmjs.org/chalk/-/chalk-4.1.2.tgz 0ms (cache hit)
423 http cache call-bind-apply-helpers@https://registry.npmjs.org/call-bind-apply-helpers/-/call-bind-apply-helpers-1.0.2.tgz 0ms (cache hit)
424 http cache chownr@https://registry.npmjs.org/chownr/-/chownr-3.0.0.tgz 0ms (cache hit)
425 http cache caniuse-lite@https://registry.npmjs.org/caniuse-lite/-/caniuse-lite-1.0.30001810.tgz 0ms (cache hit)
426 http cache cacheable-request@https://registry.npmjs.org/cacheable-request/-/cacheable-request-7.0.4.tgz 0ms (cache hit)
427 http cache bytestreamjs@https://registry.npmjs.org/bytestreamjs/-/bytestreamjs-2.0.1.tgz 0ms (cache hit)
428 http cache builder-util-runtime@https://registry.npmjs.org/builder-util-runtime/-/builder-util-runtime-9.7.0.tgz 0ms (cache hit)
429 http cache cacheable-lookup@https://registry.npmjs.org/cacheable-lookup/-/cacheable-lookup-5.0.4.tgz 0ms (cache hit)
430 http cache builder-util@https://registry.npmjs.org/builder-util/-/builder-util-26.15.3.tgz 0ms (cache hit)
431 http cache buffer-from@https://registry.npmjs.org/buffer-from/-/buffer-from-1.1.2.tgz 0ms (cache hit)
432 http cache brace-expansion@https://registry.npmjs.org/brace-expansion/-/brace-expansion-5.0.9.tgz 0ms (cache hit)
433 http cache browserslist@https://registry.npmjs.org/browserslist/-/browserslist-4.28.9.tgz 0ms (cache hit)
434 http cache boolean@https://registry.npmjs.org/boolean/-/boolean-3.2.0.tgz 0ms (cache hit)
435 http cache bluebird@https://registry.npmjs.org/bluebird/-/bluebird-3.7.2.tgz 0ms (cache hit)
436 http cache baseline-browser-mapping@https://registry.npmjs.org/baseline-browser-mapping/-/baseline-browser-mapping-2.11.21.tgz 0ms (cache hit)
437 http cache balanced-match@https://registry.npmjs.org/balanced-match/-/balanced-match-4.0.4.tgz 0ms (cache hit)
438 http cache base64-js@https://registry.npmjs.org/base64-js/-/base64-js-1.5.1.tgz 0ms (cache hit)
439 http cache at-least-node@https://registry.npmjs.org/at-least-node/-/at-least-node-1.0.0.tgz 0ms (cache hit)
440 http cache aws4@https://registry.npmjs.org/aws4/-/aws4-1.13.2.tgz 0ms (cache hit)
441 http cache asynckit@https://registry.npmjs.org/asynckit/-/asynckit-0.4.0.tgz 0ms (cache hit)
442 http cache async@https://registry.npmjs.org/async/-/async-3.2.6.tgz 0ms (cache hit)
443 http cache async-exit-hook@https://registry.npmjs.org/async-exit-hook/-/async-exit-hook-2.0.1.tgz 0ms (cache hit)
444 http cache argparse@https://registry.npmjs.org/argparse/-/argparse-2.0.1.tgz 0ms (cache hit)
445 http cache asn1js@https://registry.npmjs.org/asn1js/-/asn1js-3.0.10.tgz 0ms (cache hit)
446 http cache ansi-styles@https://registry.npmjs.org/ansi-styles/-/ansi-styles-4.3.0.tgz 0ms (cache hit)
447 http cache app-builder-lib@https://registry.npmjs.org/app-builder-lib/-/app-builder-lib-26.15.3.tgz 1ms (cache hit)
448 http cache @xmldom/xmldom@https://registry.npmjs.org/@xmldom/xmldom/-/xmldom-0.8.15.tgz 0ms (cache hit)
449 http cache ansi-regex@https://registry.npmjs.org/ansi-regex/-/ansi-regex-5.0.1.tgz 0ms (cache hit)
450 http cache abbrev@https://registry.npmjs.org/abbrev/-/abbrev-4.0.0.tgz 0ms (cache hit)
451 http cache ajv@https://registry.npmjs.org/ajv/-/ajv-8.20.0.tgz 0ms (cache hit)
452 http cache agent-base@https://registry.npmjs.org/agent-base/-/agent-base-7.1.4.tgz 0ms (cache hit)
453 http cache @types/use-sync-external-store@https://registry.npmjs.org/@types/use-sync-external-store/-/use-sync-external-store-0.0.6.tgz 0ms (cache hit)
454 http cache @types/responselike@https://registry.npmjs.org/@types/responselike/-/responselike-1.0.3.tgz 0ms (cache hit)
455 http cache @vitejs/plugin-react@https://registry.npmjs.org/@vitejs/plugin-react/-/plugin-react-4.7.0.tgz 0ms (cache hit)
456 http cache @types/react-dom@https://registry.npmjs.org/@types/react-dom/-/react-dom-18.3.7.tgz 0ms (cache hit)
457 http cache @types/react@https://registry.npmjs.org/@types/react/-/react-18.3.31.tgz 0ms (cache hit)
458 http cache @types/node@https://registry.npmjs.org/@types/node/-/node-22.20.2.tgz 0ms (cache hit)
459 http cache @types/keyv@https://registry.npmjs.org/@types/keyv/-/keyv-3.1.4.tgz 0ms (cache hit)
460 http cache @types/prop-types@https://registry.npmjs.org/@types/prop-types/-/prop-types-15.7.15.tgz 0ms (cache hit)
461 http cache @types/http-cache-semantics@https://registry.npmjs.org/@types/http-cache-semantics/-/http-cache-semantics-4.2.0.tgz 0ms (cache hit)
462 http cache @types/estree@https://registry.npmjs.org/@types/estree/-/estree-1.0.9.tgz 0ms (cache hit)
463 http cache @types/ms@https://registry.npmjs.org/@types/ms/-/ms-2.1.0.tgz 0ms (cache hit)
464 http cache @types/fs-extra@https://registry.npmjs.org/@types/fs-extra/-/fs-extra-9.0.13.tgz 0ms (cache hit)
465 http cache @types/debug@https://registry.npmjs.org/@types/debug/-/debug-4.1.13.tgz 0ms (cache hit)
466 http cache @types/d3-shape@https://registry.npmjs.org/@types/d3-shape/-/d3-shape-3.2.0.tgz 0ms (cache hit)
467 http cache @types/d3-timer@https://registry.npmjs.org/@types/d3-timer/-/d3-timer-3.0.2.tgz 0ms (cache hit)
468 http cache @types/d3-time@https://registry.npmjs.org/@types/d3-time/-/d3-time-3.0.4.tgz 0ms (cache hit)
469 http cache @types/d3-path@https://registry.npmjs.org/@types/d3-path/-/d3-path-3.1.1.tgz 1ms (cache hit)
470 http cache @types/d3-scale@https://registry.npmjs.org/@types/d3-scale/-/d3-scale-4.0.9.tgz 0ms (cache hit)
471 http cache @types/d3-ease@https://registry.npmjs.org/@types/d3-ease/-/d3-ease-3.0.2.tgz 0ms (cache hit)
472 http cache @types/d3-interpolate@https://registry.npmjs.org/@types/d3-interpolate/-/d3-interpolate-3.0.4.tgz 0ms (cache hit)
473 http cache @types/d3-color@https://registry.npmjs.org/@types/d3-color/-/d3-color-3.1.3.tgz 0ms (cache hit)
474 http cache @types/cacheable-request@https://registry.npmjs.org/@types/cacheable-request/-/cacheable-request-6.0.3.tgz 0ms (cache hit)
475 http cache @types/d3-array@https://registry.npmjs.org/@types/d3-array/-/d3-array-3.2.2.tgz 0ms (cache hit)
476 http cache @types/babel__traverse@https://registry.npmjs.org/@types/babel__traverse/-/babel__traverse-7.28.0.tgz 0ms (cache hit)
477 http cache @types/babel__template@https://registry.npmjs.org/@types/babel__template/-/babel__template-7.4.4.tgz 0ms (cache hit)
478 http cache @types/babel__core@https://registry.npmjs.org/@types/babel__core/-/babel__core-7.20.5.tgz 0ms (cache hit)
479 http cache @types/babel__generator@https://registry.npmjs.org/@types/babel__generator/-/babel__generator-7.27.0.tgz 0ms (cache hit)
480 http cache @tailwindcss/vite@https://registry.npmjs.org/@tailwindcss/vite/-/vite-4.3.3.tgz 0ms (cache hit)
481 http cache @tailwindcss/oxide-win32-x64-msvc@https://registry.npmjs.org/@tailwindcss/oxide-win32-x64-msvc/-/oxide-win32-x64-msvc-4.3.3.tgz 0ms (cache hit)
482 http cache @tailwindcss/oxide@https://registry.npmjs.org/@tailwindcss/oxide/-/oxide-4.3.3.tgz 0ms (cache hit)
483 http cache @szmarczak/http-timer@https://registry.npmjs.org/@szmarczak/http-timer/-/http-timer-4.0.6.tgz 0ms (cache hit)
484 http cache @tailwindcss/node@https://registry.npmjs.org/@tailwindcss/node/-/node-4.3.3.tgz 0ms (cache hit)
485 http cache @standard-schema/utils@https://registry.npmjs.org/@standard-schema/utils/-/utils-0.3.0.tgz 0ms (cache hit)
486 http cache @standard-schema/spec@https://registry.npmjs.org/@standard-schema/spec/-/spec-1.1.0.tgz 0ms (cache hit)
487 http cache @sindresorhus/is@https://registry.npmjs.org/@sindresorhus/is/-/is-4.6.0.tgz 0ms (cache hit)
488 http cache @rollup/rollup-win32-x64-msvc@https://registry.npmjs.org/@rollup/rollup-win32-x64-msvc/-/rollup-win32-x64-msvc-4.63.1.tgz 0ms (cache hit)
489 http cache @rolldown/pluginutils@https://registry.npmjs.org/@rolldown/pluginutils/-/pluginutils-1.0.0-beta.27.tgz 0ms (cache hit)
490 http cache @reduxjs/toolkit@https://registry.npmjs.org/@reduxjs/toolkit/-/toolkit-2.12.0.tgz 0ms (cache hit)
491 http cache @rollup/rollup-win32-x64-gnu@https://registry.npmjs.org/@rollup/rollup-win32-x64-gnu/-/rollup-win32-x64-gnu-4.63.1.tgz 0ms (cache hit)
492 http cache @peculiar/webcrypto@https://registry.npmjs.org/@peculiar/webcrypto/-/webcrypto-1.7.1.tgz 0ms (cache hit)
493 http cache @noble/hashes@https://registry.npmjs.org/@noble/hashes/-/hashes-2.4.0.tgz 0ms (cache hit)
494 http cache @peculiar/asn1-schema@https://registry.npmjs.org/@peculiar/asn1-schema/-/asn1-schema-2.9.4.tgz 0ms (cache hit)
495 http cache @peculiar/utils@https://registry.npmjs.org/@peculiar/utils/-/utils-2.0.3.tgz 0ms (cache hit)
496 http cache @peculiar/json-schema@https://registry.npmjs.org/@peculiar/json-schema/-/json-schema-1.1.12.tgz 0ms (cache hit)
497 http cache @malept/cross-spawn-promise@https://registry.npmjs.org/@malept/cross-spawn-promise/-/cross-spawn-promise-2.0.0.tgz 0ms (cache hit)
498 http cache @jridgewell/sourcemap-codec@https://registry.npmjs.org/@jridgewell/sourcemap-codec/-/sourcemap-codec-1.6.0.tgz 0ms (cache hit)
499 http cache @malept/flatpak-bundler@https://registry.npmjs.org/@malept/flatpak-bundler/-/flatpak-bundler-0.4.0.tgz 0ms (cache hit)
500 http cache @jridgewell/resolve-uri@https://registry.npmjs.org/@jridgewell/resolve-uri/-/resolve-uri-3.1.2.tgz 0ms (cache hit)
501 http cache @jridgewell/trace-mapping@https://registry.npmjs.org/@jridgewell/trace-mapping/-/trace-mapping-0.3.31.tgz 0ms (cache hit)
502 http cache @isaacs/fs-minipass@https://registry.npmjs.org/@isaacs/fs-minipass/-/fs-minipass-4.0.1.tgz 0ms (cache hit)
503 http cache @jridgewell/gen-mapping@https://registry.npmjs.org/@jridgewell/gen-mapping/-/gen-mapping-0.3.13.tgz 0ms (cache hit)
504 http cache @jridgewell/remapping@https://registry.npmjs.org/@jridgewell/remapping/-/remapping-2.3.5.tgz 0ms (cache hit)
505 http cache @esbuild/win32-x64@https://registry.npmjs.org/@esbuild/win32-x64/-/win32-x64-0.25.12.tgz 0ms (cache hit)
506 http cache @electron/windows-sign@https://registry.npmjs.org/@electron/windows-sign/-/windows-sign-1.2.2.tgz 0ms (cache hit)
507 http cache @electron/universal@https://registry.npmjs.org/@electron/universal/-/universal-2.0.3.tgz 0ms (cache hit)
508 http cache @electron/osx-sign@https://registry.npmjs.org/@electron/osx-sign/-/osx-sign-1.3.3.tgz 0ms (cache hit)
509 http cache @electron/rebuild@https://registry.npmjs.org/@electron/rebuild/-/rebuild-4.2.0.tgz 0ms (cache hit)
510 http cache @electron/notarize@https://registry.npmjs.org/@electron/notarize/-/notarize-2.5.0.tgz 0ms (cache hit)
511 http cache @electron/get@https://registry.npmjs.org/@electron/get/-/get-5.1.0.tgz 0ms (cache hit)
512 http cache @electron/asar@https://registry.npmjs.org/@electron/asar/-/asar-3.4.1.tgz 0ms (cache hit)
513 http cache @electron-internal/extract-zip@https://registry.npmjs.org/@electron-internal/extract-zip/-/extract-zip-1.0.5.tgz 0ms (cache hit)
514 http cache @babel/types@https://registry.npmjs.org/@babel/types/-/types-7.29.8.tgz 0ms (cache hit)
515 http cache @babel/traverse@https://registry.npmjs.org/@babel/traverse/-/traverse-7.29.8.tgz 0ms (cache hit)
516 http cache @babel/plugin-transform-react-jsx-source@https://registry.npmjs.org/@babel/plugin-transform-react-jsx-source/-/plugin-transform-react-jsx-source-7.29.7.tgz 0ms (cache hit)
517 http cache @babel/template@https://registry.npmjs.org/@babel/template/-/template-7.29.7.tgz 0ms (cache hit)
518 http cache @babel/plugin-transform-react-jsx-self@https://registry.npmjs.org/@babel/plugin-transform-react-jsx-self/-/plugin-transform-react-jsx-self-7.29.7.tgz 0ms (cache hit)
519 http cache @babel/parser@https://registry.npmjs.org/@babel/parser/-/parser-7.29.8.tgz 0ms (cache hit)
520 http cache @babel/helpers@https://registry.npmjs.org/@babel/helpers/-/helpers-7.29.7.tgz 0ms (cache hit)
521 http cache @babel/helper-validator-option@https://registry.npmjs.org/@babel/helper-validator-option/-/helper-validator-option-7.29.7.tgz 0ms (cache hit)
522 http cache @babel/helper-validator-identifier@https://registry.npmjs.org/@babel/helper-validator-identifier/-/helper-validator-identifier-7.29.7.tgz 0ms (cache hit)
523 http cache @babel/helper-string-parser@https://registry.npmjs.org/@babel/helper-string-parser/-/helper-string-parser-7.29.7.tgz 0ms (cache hit)
524 http cache @babel/helper-plugin-utils@https://registry.npmjs.org/@babel/helper-plugin-utils/-/helper-plugin-utils-7.29.7.tgz 0ms (cache hit)
525 http cache @babel/helper-module-transforms@https://registry.npmjs.org/@babel/helper-module-transforms/-/helper-module-transforms-7.29.7.tgz 0ms (cache hit)
526 http cache @babel/helper-module-imports@https://registry.npmjs.org/@babel/helper-module-imports/-/helper-module-imports-7.29.7.tgz 0ms (cache hit)
527 http cache @babel/helper-globals@https://registry.npmjs.org/@babel/helper-globals/-/helper-globals-7.29.7.tgz 0ms (cache hit)
528 http cache @babel/helper-compilation-targets@https://registry.npmjs.org/@babel/helper-compilation-targets/-/helper-compilation-targets-7.29.7.tgz 0ms (cache hit)
529 http cache @babel/generator@https://registry.npmjs.org/@babel/generator/-/generator-7.29.8.tgz 0ms (cache hit)
530 http cache @electron/fuses@https://registry.npmjs.org/@electron/fuses/-/fuses-2.1.3.tgz 0ms (cache hit)
531 http cache @babel/compat-data@https://registry.npmjs.org/@babel/compat-data/-/compat-data-7.29.7.tgz 0ms (cache hit)
532 http cache fs-extra@https://registry.npmjs.org/fs-extra/-/fs-extra-11.3.1.tgz 0ms (cache hit)
533 http cache @babel/core@https://registry.npmjs.org/@babel/core/-/core-7.29.7.tgz 0ms (cache hit)
534 http cache semver@https://registry.npmjs.org/semver/-/semver-7.8.5.tgz 0ms (cache hit)
535 http cache yallist@https://registry.npmjs.org/yallist/-/yallist-5.0.0.tgz 0ms (cache hit)
536 http cache semver@https://registry.npmjs.org/semver/-/semver-5.7.2.tgz 0ms (cache hit)
537 http cache which@https://registry.npmjs.org/which/-/which-6.0.1.tgz 0ms (cache hit)
538 http cache @babel/code-frame@https://registry.npmjs.org/@babel/code-frame/-/code-frame-7.29.7.tgz 0ms (cache hit)
539 http cache semver@https://registry.npmjs.org/semver/-/semver-7.8.5.tgz 0ms (cache hit)
540 http cache undici@https://registry.npmjs.org/undici/-/undici-6.28.1.tgz 0ms (cache hit)
541 http cache commander@https://registry.npmjs.org/commander/-/commander-9.5.0.tgz 0ms (cache hit)
542 http cache @noble/hashes@https://registry.npmjs.org/@noble/hashes/-/hashes-1.4.0.tgz 0ms (cache hit)
543 http cache env-paths@https://registry.npmjs.org/env-paths/-/env-paths-2.2.1.tgz 0ms (cache hit)
544 http cache semver@https://registry.npmjs.org/semver/-/semver-7.8.5.tgz 0ms (cache hit)
545 http cache semver@https://registry.npmjs.org/semver/-/semver-7.8.5.tgz 0ms (cache hit)
546 http cache isexe@https://registry.npmjs.org/isexe/-/isexe-4.0.0.tgz 0ms (cache hit)
547 http cache yallist@https://registry.npmjs.org/yallist/-/yallist-4.0.0.tgz 0ms (cache hit)
548 http cache semver@https://registry.npmjs.org/semver/-/semver-7.8.5.tgz 0ms (cache hit)
549 http cache minimatch@https://registry.npmjs.org/minimatch/-/minimatch-3.1.5.tgz 0ms (cache hit)
550 http cache lru-cache@https://registry.npmjs.org/lru-cache/-/lru-cache-6.0.0.tgz 0ms (cache hit)
551 http cache brace-expansion@https://registry.npmjs.org/brace-expansion/-/brace-expansion-1.1.18.tgz 0ms (cache hit)
552 http cache balanced-match@https://registry.npmjs.org/balanced-match/-/balanced-match-1.0.2.tgz 0ms (cache hit)
553 http cache universalify@https://registry.npmjs.org/universalify/-/universalify-0.1.2.tgz 0ms (cache hit)
554 http cache minimatch@https://registry.npmjs.org/minimatch/-/minimatch-5.1.9.tgz 0ms (cache hit)
555 http cache fs-extra@https://registry.npmjs.org/fs-extra/-/fs-extra-7.0.1.tgz 0ms (cache hit)
556 http cache jsonfile@https://registry.npmjs.org/jsonfile/-/jsonfile-4.0.0.tgz 0ms (cache hit)
557 http cache brace-expansion@https://registry.npmjs.org/brace-expansion/-/brace-expansion-2.1.4.tgz 0ms (cache hit)
558 http cache balanced-match@https://registry.npmjs.org/balanced-match/-/balanced-match-1.0.2.tgz 0ms (cache hit)
559 http cache undici-types@https://registry.npmjs.org/undici-types/-/undici-types-7.18.2.tgz 0ms (cache hit)
560 http cache @types/node@https://registry.npmjs.org/@types/node/-/node-24.13.4.tgz 0ms (cache hit)
561 http cache mimic-response@https://registry.npmjs.org/mimic-response/-/mimic-response-3.1.0.tgz 0ms (cache hit)
562 http cache minimatch@https://registry.npmjs.org/minimatch/-/minimatch-3.1.5.tgz 0ms (cache hit)
563 http cache balanced-match@https://registry.npmjs.org/balanced-match/-/balanced-match-1.0.2.tgz 0ms (cache hit)
564 http cache brace-expansion@https://registry.npmjs.org/brace-expansion/-/brace-expansion-1.1.18.tgz 0ms (cache hit)
565 http cache @malept/cross-spawn-promise@https://registry.npmjs.org/@malept/cross-spawn-promise/-/cross-spawn-promise-1.1.1.tgz 0ms (cache hit)
566 http cache which@https://registry.npmjs.org/which/-/which-2.0.2.tgz 0ms (cache hit)
567 http cache isexe@https://registry.npmjs.org/isexe/-/isexe-2.0.0.tgz 0ms (cache hit)
568 http cache which@https://registry.npmjs.org/which/-/which-2.0.2.tgz 0ms (cache hit)
569 http cache isexe@https://registry.npmjs.org/isexe/-/isexe-2.0.0.tgz 0ms (cache hit)
570 http cache semver@https://registry.npmjs.org/semver/-/semver-7.7.4.tgz 0ms (cache hit)
571 http cache jsonfile@https://registry.npmjs.org/jsonfile/-/jsonfile-4.0.0.tgz 0ms (cache hit)
572 http cache universalify@https://registry.npmjs.org/universalify/-/universalify-0.1.2.tgz 0ms (cache hit)
573 http cache semver@https://registry.npmjs.org/semver/-/semver-6.3.1.tgz 0ms (cache hit)
574 http cache env-paths@https://registry.npmjs.org/env-paths/-/env-paths-2.2.1.tgz 0ms (cache hit)
575 http cache @electron/get@https://registry.npmjs.org/@electron/get/-/get-3.1.0.tgz 0ms (cache hit)
576 http cache ci-info@https://registry.npmjs.org/ci-info/-/ci-info-4.3.1.tgz 0ms (cache hit)
577 http cache fs-extra@https://registry.npmjs.org/fs-extra/-/fs-extra-8.1.0.tgz 0ms (cache hit)
578 http cache universalify@https://registry.npmjs.org/universalify/-/universalify-2.0.1.tgz 0ms (cache hit)
579 http cache jsonfile@https://registry.npmjs.org/jsonfile/-/jsonfile-6.2.1.tgz 0ms (cache hit)
580 http cache fs-extra@https://registry.npmjs.org/fs-extra/-/fs-extra-9.1.0.tgz 0ms (cache hit)
581 http cache fs-extra@https://registry.npmjs.org/fs-extra/-/fs-extra-9.1.0.tgz 0ms (cache hit)
582 http cache fs-extra@https://registry.npmjs.org/fs-extra/-/fs-extra-11.4.0.tgz 0ms (cache hit)
583 http cache @electron/fuses@https://registry.npmjs.org/@electron/fuses/-/fuses-1.8.0.tgz 0ms (cache hit)
584 http cache isbinaryfile@https://registry.npmjs.org/isbinaryfile/-/isbinaryfile-4.0.10.tgz 0ms (cache hit)
585 http cache minimatch@https://registry.npmjs.org/minimatch/-/minimatch-9.0.9.tgz 0ms (cache hit)
586 http cache fs-extra@https://registry.npmjs.org/fs-extra/-/fs-extra-11.4.0.tgz 0ms (cache hit)
587 http cache brace-expansion@https://registry.npmjs.org/brace-expansion/-/brace-expansion-2.1.4.tgz 0ms (cache hit)
588 http cache balanced-match@https://registry.npmjs.org/balanced-match/-/balanced-match-1.0.2.tgz 0ms (cache hit)
589 http cache semver@https://registry.npmjs.org/semver/-/semver-7.8.5.tgz 0ms (cache hit)
590 http cache fs-extra@https://registry.npmjs.org/fs-extra/-/fs-extra-9.1.0.tgz 0ms (cache hit)
591 silly tarball no local data for yocto-queue@https://registry.npmjs.org/yocto-queue/-/yocto-queue-0.1.0.tgz. Extracting by manifest.
592 silly tarball no local data for yargs-parser@https://registry.npmjs.org/yargs-parser/-/yargs-parser-21.1.1.tgz. Extracting by manifest.
593 http cache brace-expansion@https://registry.npmjs.org/brace-expansion/-/brace-expansion-1.1.18.tgz 0ms (cache hit)
594 http cache minimatch@https://registry.npmjs.org/minimatch/-/minimatch-3.1.5.tgz 0ms (cache hit)
595 silly tarball no local data for yargs@https://registry.npmjs.org/yargs/-/yargs-17.7.3.tgz. Extracting by manifest.
596 http cache balanced-match@https://registry.npmjs.org/balanced-match/-/balanced-match-1.0.2.tgz 0ms (cache hit)
597 silly tarball no local data for wrappy@https://registry.npmjs.org/wrappy/-/wrappy-1.0.2.tgz. Extracting by manifest.
598 silly tarball no local data for yallist@https://registry.npmjs.org/yallist/-/yallist-3.1.1.tgz. Extracting by manifest.
599 silly tarball no local data for xmlbuilder@https://registry.npmjs.org/xmlbuilder/-/xmlbuilder-15.1.1.tgz. Extracting by manifest.
600 silly tarball no local data for y18n@https://registry.npmjs.org/y18n/-/y18n-5.0.8.tgz. Extracting by manifest.
601 silly tarball no local data for wrap-ansi@https://registry.npmjs.org/wrap-ansi/-/wrap-ansi-7.0.0.tgz. Extracting by manifest.
602 silly tarball no local data for webcrypto-core@https://registry.npmjs.org/webcrypto-core/-/webcrypto-core-1.9.2.tgz. Extracting by manifest.
603 silly tarball no local data for victory-vendor@https://registry.npmjs.org/victory-vendor/-/victory-vendor-37.3.6.tgz. Extracting by manifest.
604 silly tarball no local data for which@https://registry.npmjs.org/which/-/which-5.0.0.tgz. Extracting by manifest.
605 silly tarball no local data for vite@https://registry.npmjs.org/vite/-/vite-6.4.3.tgz. Extracting by manifest.
606 silly tarball no local data for util-deprecate@https://registry.npmjs.org/util-deprecate/-/util-deprecate-1.0.2.tgz. Extracting by manifest.
607 silly tarball no local data for utf8-byte-length@https://registry.npmjs.org/utf8-byte-length/-/utf8-byte-length-1.0.5.tgz. Extracting by manifest.
608 silly tarball no local data for use-sync-external-store@https://registry.npmjs.org/use-sync-external-store/-/use-sync-external-store-1.6.0.tgz. Extracting by manifest.
609 silly tarball no local data for unzipper@https://registry.npmjs.org/unzipper/-/unzipper-0.12.5.tgz. Extracting by manifest.
610 silly tarball no local data for update-browserslist-db@https://registry.npmjs.org/update-browserslist-db/-/update-browserslist-db-1.3.2.tgz. Extracting by manifest.
611 silly tarball no local data for undici-types@https://registry.npmjs.org/undici-types/-/undici-types-6.21.0.tgz. Extracting by manifest.
612 silly tarball no local data for universalify@https://registry.npmjs.org/universalify/-/universalify-2.0.1.tgz. Extracting by manifest.
613 silly tarball no local data for type-fest@https://registry.npmjs.org/type-fest/-/type-fest-0.13.1.tgz. Extracting by manifest.
614 silly tarball no local data for undici@https://registry.npmjs.org/undici/-/undici-7.29.1.tgz. Extracting by manifest.
615 silly tarball no local data for typescript@https://registry.npmjs.org/typescript/-/typescript-5.7.3.tgz. Extracting by manifest.
616 silly tarball no local data for tslib@https://registry.npmjs.org/tslib/-/tslib-2.8.1.tgz. Extracting by manifest.
617 silly tarball no local data for truncate-utf8-bytes@https://registry.npmjs.org/truncate-utf8-bytes/-/truncate-utf8-bytes-1.0.2.tgz. Extracting by manifest.
618 silly tarball no local data for tmp-promise@https://registry.npmjs.org/tmp-promise/-/tmp-promise-3.0.3.tgz. Extracting by manifest.
619 silly tarball no local data for tmp@https://registry.npmjs.org/tmp/-/tmp-0.2.7.tgz. Extracting by manifest.
620 silly tarball no local data for tinyglobby@https://registry.npmjs.org/tinyglobby/-/tinyglobby-0.2.17.tgz. Extracting by manifest.
621 silly tarball no local data for tiny-invariant@https://registry.npmjs.org/tiny-invariant/-/tiny-invariant-1.3.3.tgz. Extracting by manifest.
622 silly tarball no local data for tiny-async-pool@https://registry.npmjs.org/tiny-async-pool/-/tiny-async-pool-1.3.0.tgz. Extracting by manifest.
623 silly tarball no local data for temp-file@https://registry.npmjs.org/temp-file/-/temp-file-3.4.0.tgz. Extracting by manifest.
624 silly tarball no local data for temp@https://registry.npmjs.org/temp/-/temp-0.9.4.tgz. Extracting by manifest.
625 silly tarball no local data for tar@https://registry.npmjs.org/tar/-/tar-7.5.22.tgz. Extracting by manifest.
626 silly tarball no local data for tailwind-merge@https://registry.npmjs.org/tailwind-merge/-/tailwind-merge-3.6.0.tgz. Extracting by manifest.
627 silly tarball no local data for tailwindcss@https://registry.npmjs.org/tailwindcss/-/tailwindcss-4.3.3.tgz. Extracting by manifest.
628 silly tarball no local data for sumchecker@https://registry.npmjs.org/sumchecker/-/sumchecker-3.0.1.tgz. Extracting by manifest.
629 silly tarball no local data for strip-ansi@https://registry.npmjs.org/strip-ansi/-/strip-ansi-6.0.1.tgz. Extracting by manifest.
630 silly tarball no local data for string-width@https://registry.npmjs.org/string-width/-/string-width-4.2.3.tgz. Extracting by manifest.
631 silly tarball no local data for tapable@https://registry.npmjs.org/tapable/-/tapable-2.3.3.tgz. Extracting by manifest.
632 silly tarball no local data for supports-color@https://registry.npmjs.org/supports-color/-/supports-color-7.2.0.tgz. Extracting by manifest.
633 silly tarball no local data for string_decoder@https://registry.npmjs.org/string_decoder/-/string_decoder-1.1.1.tgz. Extracting by manifest.
634 silly tarball no local data for source-map-support@https://registry.npmjs.org/source-map-support/-/source-map-support-0.5.21.tgz. Extracting by manifest.
635 silly tarball no local data for sprintf-js@https://registry.npmjs.org/sprintf-js/-/sprintf-js-1.1.3.tgz. Extracting by manifest.
636 silly tarball no local data for stat-mode@https://registry.npmjs.org/stat-mode/-/stat-mode-1.0.0.tgz. Extracting by manifest.
637 silly tarball no local data for source-map-js@https://registry.npmjs.org/source-map-js/-/source-map-js-1.2.1.tgz. Extracting by manifest.
638 silly tarball no local data for source-map@https://registry.npmjs.org/source-map/-/source-map-0.6.1.tgz. Extracting by manifest.
639 silly tarball no local data for simple-update-notifier@https://registry.npmjs.org/simple-update-notifier/-/simple-update-notifier-2.0.0.tgz. Extracting by manifest.
640 silly tarball no local data for signal-exit@https://registry.npmjs.org/signal-exit/-/signal-exit-3.0.7.tgz. Extracting by manifest.
641 silly tarball no local data for shebang-command@https://registry.npmjs.org/shebang-command/-/shebang-command-2.0.0.tgz. Extracting by manifest.
642 silly tarball no local data for shebang-regex@https://registry.npmjs.org/shebang-regex/-/shebang-regex-3.0.0.tgz. Extracting by manifest.
643 silly tarball no local data for serialize-error@https://registry.npmjs.org/serialize-error/-/serialize-error-7.0.1.tgz. Extracting by manifest.
644 silly tarball no local data for semver@https://registry.npmjs.org/semver/-/semver-6.3.1.tgz. Extracting by manifest.
645 silly tarball no local data for semver-compare@https://registry.npmjs.org/semver-compare/-/semver-compare-1.0.0.tgz. Extracting by manifest.
646 silly tarball no local data for scheduler@https://registry.npmjs.org/scheduler/-/scheduler-0.23.2.tgz. Extracting by manifest.
647 silly tarball no local data for rollup@https://registry.npmjs.org/rollup/-/rollup-4.63.1.tgz. Extracting by manifest.
648 silly tarball no local data for safe-buffer@https://registry.npmjs.org/safe-buffer/-/safe-buffer-5.1.2.tgz. Extracting by manifest.
649 silly tarball no local data for sanitize-filename@https://registry.npmjs.org/sanitize-filename/-/sanitize-filename-1.6.4.tgz. Extracting by manifest.
650 silly tarball no local data for sax@https://registry.npmjs.org/sax/-/sax-1.6.1.tgz. Extracting by manifest.
651 silly tarball no local data for retry@https://registry.npmjs.org/retry/-/retry-0.12.0.tgz. Extracting by manifest.
652 silly tarball no local data for rimraf@https://registry.npmjs.org/rimraf/-/rimraf-2.6.3.tgz. Extracting by manifest.
653 silly tarball no local data for roarr@https://registry.npmjs.org/roarr/-/roarr-2.15.4.tgz. Extracting by manifest.
654 silly tarball no local data for reselect@https://registry.npmjs.org/reselect/-/reselect-5.2.0.tgz. Extracting by manifest.
655 silly tarball no local data for responselike@https://registry.npmjs.org/responselike/-/responselike-2.0.1.tgz. Extracting by manifest.
656 silly tarball no local data for require-from-string@https://registry.npmjs.org/require-from-string/-/require-from-string-2.0.2.tgz. Extracting by manifest.
657 silly tarball no local data for resolve-alpn@https://registry.npmjs.org/resolve-alpn/-/resolve-alpn-1.2.1.tgz. Extracting by manifest.
658 silly tarball no local data for require-directory@https://registry.npmjs.org/require-directory/-/require-directory-2.1.1.tgz. Extracting by manifest.
659 silly tarball no local data for redux-thunk@https://registry.npmjs.org/redux-thunk/-/redux-thunk-3.1.0.tgz. Extracting by manifest.
660 silly tarball no local data for resedit@https://registry.npmjs.org/resedit/-/resedit-1.7.2.tgz. Extracting by manifest.
661 silly tarball no local data for redux@https://registry.npmjs.org/redux/-/redux-5.0.1.tgz. Extracting by manifest.
662 silly tarball no local data for recharts@https://registry.npmjs.org/recharts/-/recharts-3.10.1.tgz. Extracting by manifest.
663 silly tarball no local data for readable-stream@https://registry.npmjs.org/readable-stream/-/readable-stream-2.3.8.tgz. Extracting by manifest.
664 silly tarball no local data for read-binary-file-arch@https://registry.npmjs.org/read-binary-file-arch/-/read-binary-file-arch-1.0.6.tgz. Extracting by manifest.
665 silly tarball no local data for react-refresh@https://registry.npmjs.org/react-refresh/-/react-refresh-0.17.0.tgz. Extracting by manifest.
666 silly tarball no local data for react-redux@https://registry.npmjs.org/react-redux/-/react-redux-9.3.0.tgz. Extracting by manifest.
667 silly tarball no local data for react-is@https://registry.npmjs.org/react-is/-/react-is-18.3.1.tgz. Extracting by manifest.
668 silly tarball no local data for react-dom@https://registry.npmjs.org/react-dom/-/react-dom-18.3.1.tgz. Extracting by manifest.
669 silly tarball no local data for react@https://registry.npmjs.org/react/-/react-18.3.1.tgz. Extracting by manifest.
670 silly tarball no local data for quick-lru@https://registry.npmjs.org/quick-lru/-/quick-lru-5.1.1.tgz. Extracting by manifest.
671 silly tarball no local data for rcedit@https://registry.npmjs.org/rcedit/-/rcedit-5.0.2.tgz. Extracting by manifest.
672 silly tarball no local data for pvtsutils@https://registry.npmjs.org/pvtsutils/-/pvtsutils-1.3.6.tgz. Extracting by manifest.
673 silly tarball no local data for pump@https://registry.npmjs.org/pump/-/pump-3.0.4.tgz. Extracting by manifest.
674 silly tarball no local data for proper-lockfile@https://registry.npmjs.org/proper-lockfile/-/proper-lockfile-4.1.2.tgz. Extracting by manifest.
675 silly tarball no local data for pvutils@https://registry.npmjs.org/pvutils/-/pvutils-1.2.0.tgz. Extracting by manifest.
676 silly tarball no local data for promise-retry@https://registry.npmjs.org/promise-retry/-/promise-retry-2.0.1.tgz. Extracting by manifest.
677 silly tarball no local data for progress@https://registry.npmjs.org/progress/-/progress-2.0.3.tgz. Extracting by manifest.
678 silly tarball no local data for process-nextick-args@https://registry.npmjs.org/process-nextick-args/-/process-nextick-args-2.0.1.tgz. Extracting by manifest.
679 silly tarball no local data for postject@https://registry.npmjs.org/postject/-/postject-1.0.0-alpha.6.tgz. Extracting by manifest.
680 silly tarball no local data for proc-log@https://registry.npmjs.org/proc-log/-/proc-log-6.1.0.tgz. Extracting by manifest.
681 silly tarball no local data for postcss@https://registry.npmjs.org/postcss/-/postcss-8.5.28.tgz. Extracting by manifest.
682 silly tarball no local data for pngjs@https://registry.npmjs.org/pngjs/-/pngjs-7.0.0.tgz. Extracting by manifest.
683 silly tarball no local data for plist@https://registry.npmjs.org/plist/-/plist-3.1.0.tgz. Extracting by manifest.
684 silly tarball no local data for png-to-ico@https://registry.npmjs.org/png-to-ico/-/png-to-ico-3.0.1.tgz. Extracting by manifest.
685 silly tarball no local data for pkijs@https://registry.npmjs.org/pkijs/-/pkijs-3.4.0.tgz. Extracting by manifest.
686 silly tarball no local data for picomatch@https://registry.npmjs.org/picomatch/-/picomatch-4.0.7.tgz. Extracting by manifest.
687 silly tarball no local data for pe-library@https://registry.npmjs.org/pe-library/-/pe-library-0.4.1.tgz. Extracting by manifest.
688 silly tarball no local data for path-key@https://registry.npmjs.org/path-key/-/path-key-3.1.1.tgz. Extracting by manifest.
689 silly tarball no local data for picocolors@https://registry.npmjs.org/picocolors/-/picocolors-1.1.1.tgz. Extracting by manifest.
690 silly tarball no local data for path-is-absolute@https://registry.npmjs.org/path-is-absolute/-/path-is-absolute-1.0.1.tgz. Extracting by manifest.
691 silly tarball no local data for p-cancelable@https://registry.npmjs.org/p-cancelable/-/p-cancelable-2.1.1.tgz. Extracting by manifest.
692 silly tarball no local data for p-limit@https://registry.npmjs.org/p-limit/-/p-limit-3.1.0.tgz. Extracting by manifest.
693 silly tarball no local data for once@https://registry.npmjs.org/once/-/once-1.4.0.tgz. Extracting by manifest.
694 silly tarball no local data for normalize-url@https://registry.npmjs.org/normalize-url/-/normalize-url-6.1.0.tgz. Extracting by manifest.
695 silly tarball no local data for object-keys@https://registry.npmjs.org/object-keys/-/object-keys-1.1.1.tgz. Extracting by manifest.
696 silly tarball no local data for nopt@https://registry.npmjs.org/nopt/-/nopt-9.0.0.tgz. Extracting by manifest.
697 silly tarball no local data for node-releases@https://registry.npmjs.org/node-releases/-/node-releases-2.0.55.tgz. Extracting by manifest.
698 silly tarball no local data for node-int64@https://registry.npmjs.org/node-int64/-/node-int64-0.4.0.tgz. Extracting by manifest.
699 silly tarball no local data for node-api-version@https://registry.npmjs.org/node-api-version/-/node-api-version-0.2.1.tgz. Extracting by manifest.
700 silly tarball no local data for node-abi@https://registry.npmjs.org/node-abi/-/node-abi-4.35.0.tgz. Extracting by manifest.
701 silly tarball no local data for motion-utils@https://registry.npmjs.org/motion-utils/-/motion-utils-12.39.0.tgz. Extracting by manifest.
702 silly tarball no local data for node-gyp@https://registry.npmjs.org/node-gyp/-/node-gyp-12.4.0.tgz. Extracting by manifest.
703 silly tarball no local data for nanoid@https://registry.npmjs.org/nanoid/-/nanoid-3.3.18.tgz. Extracting by manifest.
704 silly tarball no local data for ms@https://registry.npmjs.org/ms/-/ms-2.1.3.tgz. Extracting by manifest.
705 silly tarball no local data for motion-dom@https://registry.npmjs.org/motion-dom/-/motion-dom-12.43.0.tgz. Extracting by manifest.
706 silly tarball no local data for mkdirp@https://registry.npmjs.org/mkdirp/-/mkdirp-0.5.6.tgz. Extracting by manifest.
707 silly tarball no local data for minizlib@https://registry.npmjs.org/minizlib/-/minizlib-3.1.0.tgz. Extracting by manifest.
708 silly tarball no local data for minipass@https://registry.npmjs.org/minipass/-/minipass-7.1.3.tgz. Extracting by manifest.
709 silly tarball no local data for motion@https://registry.npmjs.org/motion/-/motion-12.43.0.tgz. Extracting by manifest.
710 silly tarball no local data for minimist@https://registry.npmjs.org/minimist/-/minimist-1.2.8.tgz. Extracting by manifest.
711 silly tarball no local data for minimatch@https://registry.npmjs.org/minimatch/-/minimatch-10.2.6.tgz. Extracting by manifest.
712 silly tarball no local data for mimic-response@https://registry.npmjs.org/mimic-response/-/mimic-response-1.0.1.tgz. Extracting by manifest.
713 silly tarball no local data for mime-types@https://registry.npmjs.org/mime-types/-/mime-types-2.1.35.tgz. Extracting by manifest.
714 silly tarball no local data for mime-db@https://registry.npmjs.org/mime-db/-/mime-db-1.52.0.tgz. Extracting by manifest.
715 silly tarball no local data for math-intrinsics@https://registry.npmjs.org/math-intrinsics/-/math-intrinsics-1.1.0.tgz. Extracting by manifest.
716 silly tarball no local data for mime@https://registry.npmjs.org/mime/-/mime-2.6.0.tgz. Extracting by manifest.
717 silly tarball no local data for matcher@https://registry.npmjs.org/matcher/-/matcher-3.0.0.tgz. Extracting by manifest.
718 silly tarball no local data for magic-string@https://registry.npmjs.org/magic-string/-/magic-string-0.30.21.tgz. Extracting by manifest.
719 silly tarball no local data for lucide-react@https://registry.npmjs.org/lucide-react/-/lucide-react-0.468.0.tgz. Extracting by manifest.
720 silly tarball no local data for lru-cache@https://registry.npmjs.org/lru-cache/-/lru-cache-5.1.1.tgz. Extracting by manifest.
721 silly tarball no local data for loose-envify@https://registry.npmjs.org/loose-envify/-/loose-envify-1.4.0.tgz. Extracting by manifest.
722 silly tarball no local data for lowercase-keys@https://registry.npmjs.org/lowercase-keys/-/lowercase-keys-2.0.0.tgz. Extracting by manifest.
723 silly tarball no local data for lodash@https://registry.npmjs.org/lodash/-/lodash-4.18.1.tgz. Extracting by manifest.
724 silly tarball no local data for lightningcss@https://registry.npmjs.org/lightningcss/-/lightningcss-1.32.0.tgz. Extracting by manifest.
725 silly tarball no local data for lightningcss-win32-x64-msvc@https://registry.npmjs.org/lightningcss-win32-x64-msvc/-/lightningcss-win32-x64-msvc-1.32.0.tgz. Extracting by manifest.
726 silly tarball no local data for lazy-val@https://registry.npmjs.org/lazy-val/-/lazy-val-1.0.5.tgz. Extracting by manifest.
727 silly tarball no local data for keyv@https://registry.npmjs.org/keyv/-/keyv-4.5.4.tgz. Extracting by manifest.
728 silly tarball no local data for jsonfile@https://registry.npmjs.org/jsonfile/-/jsonfile-6.2.1.tgz. Extracting by manifest.
729 silly tarball no local data for json5@https://registry.npmjs.org/json5/-/json5-2.2.3.tgz. Extracting by manifest.
730 silly tarball no local data for json-stringify-safe@https://registry.npmjs.org/json-stringify-safe/-/json-stringify-safe-5.0.1.tgz. Extracting by manifest.
731 silly tarball no local data for json-schema-traverse@https://registry.npmjs.org/json-schema-traverse/-/json-schema-traverse-1.0.0.tgz. Extracting by manifest.
732 silly tarball no local data for json-buffer@https://registry.npmjs.org/json-buffer/-/json-buffer-3.0.1.tgz. Extracting by manifest.
733 silly tarball no local data for js-yaml@https://registry.npmjs.org/js-yaml/-/js-yaml-4.3.2.tgz. Extracting by manifest.
734 silly tarball no local data for jsesc@https://registry.npmjs.org/jsesc/-/jsesc-3.1.0.tgz. Extracting by manifest.
735 silly tarball no local data for jiti@https://registry.npmjs.org/jiti/-/jiti-2.7.0.tgz. Extracting by manifest.
736 silly tarball no local data for jake@https://registry.npmjs.org/jake/-/jake-10.9.4.tgz. Extracting by manifest.
737 silly tarball no local data for isexe@https://registry.npmjs.org/isexe/-/isexe-3.1.5.tgz. Extracting by manifest.
738 silly tarball no local data for js-tokens@https://registry.npmjs.org/js-tokens/-/js-tokens-4.0.0.tgz. Extracting by manifest.
739 silly tarball no local data for isbinaryfile@https://registry.npmjs.org/isbinaryfile/-/isbinaryfile-5.0.7.tgz. Extracting by manifest.
740 silly tarball no local data for is-fullwidth-code-point@https://registry.npmjs.org/is-fullwidth-code-point/-/is-fullwidth-code-point-3.0.0.tgz. Extracting by manifest.
741 silly tarball no local data for is-wsl@https://registry.npmjs.org/is-wsl/-/is-wsl-2.2.0.tgz. Extracting by manifest.
742 silly tarball no local data for isarray@https://registry.npmjs.org/isarray/-/isarray-1.0.0.tgz. Extracting by manifest.
743 silly tarball no local data for internmap@https://registry.npmjs.org/internmap/-/internmap-2.0.3.tgz. Extracting by manifest.
744 silly tarball no local data for is-docker@https://registry.npmjs.org/is-docker/-/is-docker-2.2.1.tgz. Extracting by manifest.
745 silly tarball no local data for inflight@https://registry.npmjs.org/inflight/-/inflight-1.0.6.tgz. Extracting by manifest.
746 silly tarball no local data for immer@https://registry.npmjs.org/immer/-/immer-11.1.18.tgz. Extracting by manifest.
747 silly tarball no local data for https-proxy-agent@https://registry.npmjs.org/https-proxy-agent/-/https-proxy-agent-7.0.6.tgz. Extracting by manifest.
748 silly tarball no local data for inherits@https://registry.npmjs.org/inherits/-/inherits-2.0.4.tgz. Extracting by manifest.
749 silly tarball no local data for http2-wrapper@https://registry.npmjs.org/http2-wrapper/-/http2-wrapper-1.0.3.tgz. Extracting by manifest.
750 silly tarball no local data for http-proxy-agent@https://registry.npmjs.org/http-proxy-agent/-/http-proxy-agent-7.0.2.tgz. Extracting by manifest.
751 silly tarball no local data for http-cache-semantics@https://registry.npmjs.org/http-cache-semantics/-/http-cache-semantics-4.2.0.tgz. Extracting by manifest.
752 silly tarball no local data for hosted-git-info@https://registry.npmjs.org/hosted-git-info/-/hosted-git-info-4.1.0.tgz. Extracting by manifest.
753 silly tarball no local data for hasown@https://registry.npmjs.org/hasown/-/hasown-2.0.4.tgz. Extracting by manifest.
754 silly tarball no local data for has-tostringtag@https://registry.npmjs.org/has-tostringtag/-/has-tostringtag-1.0.2.tgz. Extracting by manifest.
755 silly tarball no local data for has-property-descriptors@https://registry.npmjs.org/has-property-descriptors/-/has-property-descriptors-1.0.2.tgz. Extracting by manifest.
756 silly tarball no local data for has-flag@https://registry.npmjs.org/has-flag/-/has-flag-4.0.0.tgz. Extracting by manifest.
757 silly tarball no local data for has-symbols@https://registry.npmjs.org/has-symbols/-/has-symbols-1.1.0.tgz. Extracting by manifest.
758 silly tarball no local data for gsap@https://registry.npmjs.org/gsap/-/gsap-3.15.0.tgz. Extracting by manifest.
759 silly tarball no local data for graceful-fs@https://registry.npmjs.org/graceful-fs/-/graceful-fs-4.2.11.tgz. Extracting by manifest.
760 silly tarball no local data for got@https://registry.npmjs.org/got/-/got-11.8.6.tgz. Extracting by manifest.
761 silly tarball no local data for gopd@https://registry.npmjs.org/gopd/-/gopd-1.2.0.tgz. Extracting by manifest.
762 silly tarball no local data for globalthis@https://registry.npmjs.org/globalthis/-/globalthis-1.0.4.tgz. Extracting by manifest.
763 silly tarball no local data for get-stream@https://registry.npmjs.org/get-stream/-/get-stream-5.2.0.tgz. Extracting by manifest.
764 silly tarball no local data for glob@https://registry.npmjs.org/glob/-/glob-7.2.3.tgz. Extracting by manifest.
765 silly tarball no local data for get-proto@https://registry.npmjs.org/get-proto/-/get-proto-1.0.1.tgz. Extracting by manifest.
766 silly tarball no local data for global-agent@https://registry.npmjs.org/global-agent/-/global-agent-3.0.0.tgz. Extracting by manifest.
767 silly tarball no local data for get-caller-file@https://registry.npmjs.org/get-caller-file/-/get-caller-file-2.0.5.tgz. Extracting by manifest.
768 silly tarball no local data for get-intrinsic@https://registry.npmjs.org/get-intrinsic/-/get-intrinsic-1.3.0.tgz. Extracting by manifest.
769 silly tarball no local data for gensync@https://registry.npmjs.org/gensync/-/gensync-1.0.0-beta.2.tgz. Extracting by manifest.
770 silly tarball no local data for function-bind@https://registry.npmjs.org/function-bind/-/function-bind-1.1.2.tgz. Extracting by manifest.
771 silly tarball no local data for fs.realpath@https://registry.npmjs.org/fs.realpath/-/fs.realpath-1.0.0.tgz. Extracting by manifest.
772 silly tarball no local data for framer-motion@https://registry.npmjs.org/framer-motion/-/framer-motion-12.43.0.tgz. Extracting by manifest.
773 silly tarball no local data for fs-extra@https://registry.npmjs.org/fs-extra/-/fs-extra-10.1.0.tgz. Extracting by manifest.
774 silly tarball no local data for form-data@https://registry.npmjs.org/form-data/-/form-data-4.0.6.tgz. Extracting by manifest.
775 silly tarball no local data for fdir@https://registry.npmjs.org/fdir/-/fdir-6.5.0.tgz. Extracting by manifest.
776 silly tarball no local data for filelist@https://registry.npmjs.org/filelist/-/filelist-1.0.6.tgz. Extracting by manifest.
777 silly tarball no local data for fast-uri@https://registry.npmjs.org/fast-uri/-/fast-uri-3.1.7.tgz. Extracting by manifest.
778 silly tarball no local data for fast-deep-equal@https://registry.npmjs.org/fast-deep-equal/-/fast-deep-equal-3.1.3.tgz. Extracting by manifest.
779 silly tarball no local data for eventemitter3@https://registry.npmjs.org/eventemitter3/-/eventemitter3-5.0.4.tgz. Extracting by manifest.
780 silly tarball no local data for escape-string-regexp@https://registry.npmjs.org/escape-string-regexp/-/escape-string-regexp-4.0.0.tgz. Extracting by manifest.
781 silly tarball no local data for escalade@https://registry.npmjs.org/escalade/-/escalade-3.2.0.tgz. Extracting by manifest.
782 silly tarball no local data for exponential-backoff@https://registry.npmjs.org/exponential-backoff/-/exponential-backoff-3.1.3.tgz. Extracting by manifest.
783 silly tarball no local data for esbuild@https://registry.npmjs.org/esbuild/-/esbuild-0.25.12.tgz. Extracting by manifest.
784 silly tarball no local data for es-toolkit@https://registry.npmjs.org/es-toolkit/-/es-toolkit-1.52.0.tgz. Extracting by manifest.
785 silly tarball no local data for es6-error@https://registry.npmjs.org/es6-error/-/es6-error-4.1.1.tgz. Extracting by manifest.
786 silly tarball no local data for es-object-atoms@https://registry.npmjs.org/es-object-atoms/-/es-object-atoms-1.1.2.tgz. Extracting by manifest.
787 silly tarball no local data for es-set-tostringtag@https://registry.npmjs.org/es-set-tostringtag/-/es-set-tostringtag-2.1.0.tgz. Extracting by manifest.
788 silly tarball no local data for es-define-property@https://registry.npmjs.org/es-define-property/-/es-define-property-1.0.1.tgz. Extracting by manifest.
789 silly tarball no local data for es-errors@https://registry.npmjs.org/es-errors/-/es-errors-1.3.0.tgz. Extracting by manifest.
790 silly tarball no local data for env-paths@https://registry.npmjs.org/env-paths/-/env-paths-3.0.0.tgz. Extracting by manifest.
791 silly tarball no local data for err-code@https://registry.npmjs.org/err-code/-/err-code-2.0.3.tgz. Extracting by manifest.
792 silly tarball no local data for enhanced-resolve@https://registry.npmjs.org/enhanced-resolve/-/enhanced-resolve-5.24.5.tgz. Extracting by manifest.
793 silly tarball no local data for emoji-regex@https://registry.npmjs.org/emoji-regex/-/emoji-regex-8.0.0.tgz. Extracting by manifest.
794 silly tarball no local data for end-of-stream@https://registry.npmjs.org/end-of-stream/-/end-of-stream-1.4.5.tgz. Extracting by manifest.
795 silly tarball no local data for electron-winstaller@https://registry.npmjs.org/electron-winstaller/-/electron-winstaller-5.4.0.tgz. Extracting by manifest.
796 silly tarball no local data for electron-to-chromium@https://registry.npmjs.org/electron-to-chromium/-/electron-to-chromium-1.5.425.tgz. Extracting by manifest.
797 silly tarball no local data for electron-builder-squirrel-windows@https://registry.npmjs.org/electron-builder-squirrel-windows/-/electron-builder-squirrel-windows-26.15.3.tgz. Extracting by manifest.
798 silly tarball no local data for electron-publish@https://registry.npmjs.org/electron-publish/-/electron-publish-26.15.3.tgz. Extracting by manifest.
799 silly tarball no local data for electron@https://registry.npmjs.org/electron/-/electron-42.7.1.tgz. Extracting by manifest.
800 silly tarball no local data for electron-builder@https://registry.npmjs.org/electron-builder/-/electron-builder-26.15.3.tgz. Extracting by manifest.
801 silly tarball no local data for duplexer2@https://registry.npmjs.org/duplexer2/-/duplexer2-0.1.4.tgz. Extracting by manifest.
802 silly tarball no local data for ejs@https://registry.npmjs.org/ejs/-/ejs-3.1.10.tgz. Extracting by manifest.
803 silly tarball no local data for dotenv@https://registry.npmjs.org/dotenv/-/dotenv-16.6.1.tgz. Extracting by manifest.
804 silly tarball no local data for dunder-proto@https://registry.npmjs.org/dunder-proto/-/dunder-proto-1.0.1.tgz. Extracting by manifest.
805 silly tarball no local data for dmg-builder@https://registry.npmjs.org/dmg-builder/-/dmg-builder-26.15.3.tgz. Extracting by manifest.
806 silly tarball no local data for dotenv-expand@https://registry.npmjs.org/dotenv-expand/-/dotenv-expand-11.0.7.tgz. Extracting by manifest.
807 silly tarball no local data for detect-node@https://registry.npmjs.org/detect-node/-/detect-node-2.1.0.tgz. Extracting by manifest.
808 silly tarball no local data for dir-compare@https://registry.npmjs.org/dir-compare/-/dir-compare-4.2.0.tgz. Extracting by manifest.
809 silly tarball no local data for delayed-stream@https://registry.npmjs.org/delayed-stream/-/delayed-stream-1.0.0.tgz. Extracting by manifest.
810 silly tarball no local data for detect-libc@https://registry.npmjs.org/detect-libc/-/detect-libc-2.1.2.tgz. Extracting by manifest.
811 silly tarball no local data for define-properties@https://registry.npmjs.org/define-properties/-/define-properties-1.2.1.tgz. Extracting by manifest.
812 silly tarball no local data for define-data-property@https://registry.npmjs.org/define-data-property/-/define-data-property-1.1.4.tgz. Extracting by manifest.
813 silly tarball no local data for defer-to-connect@https://registry.npmjs.org/defer-to-connect/-/defer-to-connect-2.0.1.tgz. Extracting by manifest.
814 silly tarball no local data for decompress-response@https://registry.npmjs.org/decompress-response/-/decompress-response-6.0.0.tgz. Extracting by manifest.
815 silly tarball no local data for debug@https://registry.npmjs.org/debug/-/debug-4.4.3.tgz. Extracting by manifest.
816 silly tarball no local data for decimal.js-light@https://registry.npmjs.org/decimal.js-light/-/decimal.js-light-2.5.1.tgz. Extracting by manifest.
817 silly tarball no local data for d3-timer@https://registry.npmjs.org/d3-timer/-/d3-timer-3.0.1.tgz. Extracting by manifest.
818 silly tarball no local data for d3-time-format@https://registry.npmjs.org/d3-time-format/-/d3-time-format-4.1.0.tgz. Extracting by manifest.
819 silly tarball no local data for d3-time@https://registry.npmjs.org/d3-time/-/d3-time-3.1.0.tgz. Extracting by manifest.
820 silly tarball no local data for d3-path@https://registry.npmjs.org/d3-path/-/d3-path-3.1.0.tgz. Extracting by manifest.
821 silly tarball no local data for d3-scale@https://registry.npmjs.org/d3-scale/-/d3-scale-4.0.2.tgz. Extracting by manifest.
822 silly tarball no local data for d3-shape@https://registry.npmjs.org/d3-shape/-/d3-shape-3.2.0.tgz. Extracting by manifest.
823 silly tarball no local data for d3-ease@https://registry.npmjs.org/d3-ease/-/d3-ease-3.0.1.tgz. Extracting by manifest.
824 silly tarball no local data for d3-interpolate@https://registry.npmjs.org/d3-interpolate/-/d3-interpolate-3.0.1.tgz. Extracting by manifest.
825 silly tarball no local data for d3-format@https://registry.npmjs.org/d3-format/-/d3-format-3.1.2.tgz. Extracting by manifest.
826 silly tarball no local data for d3-color@https://registry.npmjs.org/d3-color/-/d3-color-3.1.0.tgz. Extracting by manifest.
827 silly tarball no local data for csstype@https://registry.npmjs.org/csstype/-/csstype-3.2.3.tgz. Extracting by manifest.
828 silly tarball no local data for d3-array@https://registry.npmjs.org/d3-array/-/d3-array-3.2.4.tgz. Extracting by manifest.
829 silly tarball no local data for cross-spawn@https://registry.npmjs.org/cross-spawn/-/cross-spawn-7.0.6.tgz. Extracting by manifest.
830 silly tarball no local data for cross-spawn-windows-exe@https://registry.npmjs.org/cross-spawn-windows-exe/-/cross-spawn-windows-exe-1.2.0.tgz. Extracting by manifest.
831 silly tarball no local data for core-util-is@https://registry.npmjs.org/core-util-is/-/core-util-is-1.0.3.tgz. Extracting by manifest.
832 silly tarball no local data for cross-dirname@https://registry.npmjs.org/cross-dirname/-/cross-dirname-0.1.0.tgz. Extracting by manifest.
833 silly tarball no local data for convert-source-map@https://registry.npmjs.org/convert-source-map/-/convert-source-map-2.0.0.tgz. Extracting by manifest.
834 silly tarball no local data for concat-map@https://registry.npmjs.org/concat-map/-/concat-map-0.0.1.tgz. Extracting by manifest.
835 silly tarball no local data for combined-stream@https://registry.npmjs.org/combined-stream/-/combined-stream-1.0.8.tgz. Extracting by manifest.
836 silly tarball no local data for color-name@https://registry.npmjs.org/color-name/-/color-name-1.1.4.tgz. Extracting by manifest.
837 silly tarball no local data for commander@https://registry.npmjs.org/commander/-/commander-5.1.0.tgz. Extracting by manifest.
838 silly tarball no local data for clsx@https://registry.npmjs.org/clsx/-/clsx-2.1.1.tgz. Extracting by manifest.
839 silly tarball no local data for color-convert@https://registry.npmjs.org/color-convert/-/color-convert-2.0.1.tgz. Extracting by manifest.
840 silly tarball no local data for compare-version@https://registry.npmjs.org/compare-version/-/compare-version-0.1.2.tgz. Extracting by manifest.
841 silly tarball no local data for cliui@https://registry.npmjs.org/cliui/-/cliui-8.0.1.tgz. Extracting by manifest.
842 silly tarball no local data for clone-response@https://registry.npmjs.org/clone-response/-/clone-response-1.0.3.tgz. Extracting by manifest.
843 silly tarball no local data for ci-info@https://registry.npmjs.org/ci-info/-/ci-info-4.4.0.tgz. Extracting by manifest.
844 silly tarball no local data for chromium-pickle-js@https://registry.npmjs.org/chromium-pickle-js/-/chromium-pickle-js-0.2.0.tgz. Extracting by manifest.
845 silly tarball no local data for chalk@https://registry.npmjs.org/chalk/-/chalk-4.1.2.tgz. Extracting by manifest.
846 silly tarball no local data for call-bind-apply-helpers@https://registry.npmjs.org/call-bind-apply-helpers/-/call-bind-apply-helpers-1.0.2.tgz. Extracting by manifest.
847 silly tarball no local data for chownr@https://registry.npmjs.org/chownr/-/chownr-3.0.0.tgz. Extracting by manifest.
848 silly tarball no local data for caniuse-lite@https://registry.npmjs.org/caniuse-lite/-/caniuse-lite-1.0.30001810.tgz. Extracting by manifest.
849 silly tarball no local data for cacheable-request@https://registry.npmjs.org/cacheable-request/-/cacheable-request-7.0.4.tgz. Extracting by manifest.
850 silly tarball no local data for bytestreamjs@https://registry.npmjs.org/bytestreamjs/-/bytestreamjs-2.0.1.tgz. Extracting by manifest.
851 silly tarball no local data for builder-util-runtime@https://registry.npmjs.org/builder-util-runtime/-/builder-util-runtime-9.7.0.tgz. Extracting by manifest.
852 silly tarball no local data for cacheable-lookup@https://registry.npmjs.org/cacheable-lookup/-/cacheable-lookup-5.0.4.tgz. Extracting by manifest.
853 silly tarball no local data for builder-util@https://registry.npmjs.org/builder-util/-/builder-util-26.15.3.tgz. Extracting by manifest.
854 silly tarball no local data for buffer-from@https://registry.npmjs.org/buffer-from/-/buffer-from-1.1.2.tgz. Extracting by manifest.
855 silly tarball no local data for brace-expansion@https://registry.npmjs.org/brace-expansion/-/brace-expansion-5.0.9.tgz. Extracting by manifest.
856 silly tarball no local data for browserslist@https://registry.npmjs.org/browserslist/-/browserslist-4.28.9.tgz. Extracting by manifest.
857 silly tarball no local data for boolean@https://registry.npmjs.org/boolean/-/boolean-3.2.0.tgz. Extracting by manifest.
858 silly tarball no local data for bluebird@https://registry.npmjs.org/bluebird/-/bluebird-3.7.2.tgz. Extracting by manifest.
859 silly tarball no local data for baseline-browser-mapping@https://registry.npmjs.org/baseline-browser-mapping/-/baseline-browser-mapping-2.11.21.tgz. Extracting by manifest.
860 silly tarball no local data for balanced-match@https://registry.npmjs.org/balanced-match/-/balanced-match-4.0.4.tgz. Extracting by manifest.
861 silly tarball no local data for base64-js@https://registry.npmjs.org/base64-js/-/base64-js-1.5.1.tgz. Extracting by manifest.
862 silly tarball no local data for at-least-node@https://registry.npmjs.org/at-least-node/-/at-least-node-1.0.0.tgz. Extracting by manifest.
863 silly tarball no local data for aws4@https://registry.npmjs.org/aws4/-/aws4-1.13.2.tgz. Extracting by manifest.
864 silly tarball no local data for asynckit@https://registry.npmjs.org/asynckit/-/asynckit-0.4.0.tgz. Extracting by manifest.
865 silly tarball no local data for async@https://registry.npmjs.org/async/-/async-3.2.6.tgz. Extracting by manifest.
866 silly tarball no local data for async-exit-hook@https://registry.npmjs.org/async-exit-hook/-/async-exit-hook-2.0.1.tgz. Extracting by manifest.
867 silly tarball no local data for argparse@https://registry.npmjs.org/argparse/-/argparse-2.0.1.tgz. Extracting by manifest.
868 silly tarball no local data for asn1js@https://registry.npmjs.org/asn1js/-/asn1js-3.0.10.tgz. Extracting by manifest.
869 silly tarball no local data for ansi-styles@https://registry.npmjs.org/ansi-styles/-/ansi-styles-4.3.0.tgz. Extracting by manifest.
870 silly tarball no local data for app-builder-lib@https://registry.npmjs.org/app-builder-lib/-/app-builder-lib-26.15.3.tgz. Extracting by manifest.
871 silly tarball no local data for @xmldom/xmldom@https://registry.npmjs.org/@xmldom/xmldom/-/xmldom-0.8.15.tgz. Extracting by manifest.
872 silly tarball no local data for ansi-regex@https://registry.npmjs.org/ansi-regex/-/ansi-regex-5.0.1.tgz. Extracting by manifest.
873 silly tarball no local data for abbrev@https://registry.npmjs.org/abbrev/-/abbrev-4.0.0.tgz. Extracting by manifest.
874 silly tarball no local data for ajv@https://registry.npmjs.org/ajv/-/ajv-8.20.0.tgz. Extracting by manifest.
875 silly tarball no local data for agent-base@https://registry.npmjs.org/agent-base/-/agent-base-7.1.4.tgz. Extracting by manifest.
876 silly tarball no local data for @types/use-sync-external-store@https://registry.npmjs.org/@types/use-sync-external-store/-/use-sync-external-store-0.0.6.tgz. Extracting by manifest.
877 silly tarball no local data for @types/responselike@https://registry.npmjs.org/@types/responselike/-/responselike-1.0.3.tgz. Extracting by manifest.
878 silly tarball no local data for @vitejs/plugin-react@https://registry.npmjs.org/@vitejs/plugin-react/-/plugin-react-4.7.0.tgz. Extracting by manifest.
879 silly tarball no local data for @types/react-dom@https://registry.npmjs.org/@types/react-dom/-/react-dom-18.3.7.tgz. Extracting by manifest.
880 silly tarball no local data for @types/react@https://registry.npmjs.org/@types/react/-/react-18.3.31.tgz. Extracting by manifest.
881 silly tarball no local data for @types/node@https://registry.npmjs.org/@types/node/-/node-22.20.2.tgz. Extracting by manifest.
882 silly tarball no local data for @types/keyv@https://registry.npmjs.org/@types/keyv/-/keyv-3.1.4.tgz. Extracting by manifest.
883 silly tarball no local data for @types/prop-types@https://registry.npmjs.org/@types/prop-types/-/prop-types-15.7.15.tgz. Extracting by manifest.
884 silly tarball no local data for @types/http-cache-semantics@https://registry.npmjs.org/@types/http-cache-semantics/-/http-cache-semantics-4.2.0.tgz. Extracting by manifest.
885 silly tarball no local data for @types/estree@https://registry.npmjs.org/@types/estree/-/estree-1.0.9.tgz. Extracting by manifest.
886 silly tarball no local data for @types/ms@https://registry.npmjs.org/@types/ms/-/ms-2.1.0.tgz. Extracting by manifest.
887 silly tarball no local data for @types/fs-extra@https://registry.npmjs.org/@types/fs-extra/-/fs-extra-9.0.13.tgz. Extracting by manifest.
888 silly tarball no local data for @types/debug@https://registry.npmjs.org/@types/debug/-/debug-4.1.13.tgz. Extracting by manifest.
889 silly tarball no local data for @types/d3-shape@https://registry.npmjs.org/@types/d3-shape/-/d3-shape-3.2.0.tgz. Extracting by manifest.
890 silly tarball no local data for @types/d3-timer@https://registry.npmjs.org/@types/d3-timer/-/d3-timer-3.0.2.tgz. Extracting by manifest.
891 silly tarball no local data for @types/d3-time@https://registry.npmjs.org/@types/d3-time/-/d3-time-3.0.4.tgz. Extracting by manifest.
892 silly tarball no local data for @types/d3-path@https://registry.npmjs.org/@types/d3-path/-/d3-path-3.1.1.tgz. Extracting by manifest.
893 silly tarball no local data for @types/d3-scale@https://registry.npmjs.org/@types/d3-scale/-/d3-scale-4.0.9.tgz. Extracting by manifest.
894 silly tarball no local data for @types/d3-ease@https://registry.npmjs.org/@types/d3-ease/-/d3-ease-3.0.2.tgz. Extracting by manifest.
895 silly tarball no local data for @types/d3-interpolate@https://registry.npmjs.org/@types/d3-interpolate/-/d3-interpolate-3.0.4.tgz. Extracting by manifest.
896 silly tarball no local data for @types/d3-color@https://registry.npmjs.org/@types/d3-color/-/d3-color-3.1.3.tgz. Extracting by manifest.
897 silly tarball no local data for @types/cacheable-request@https://registry.npmjs.org/@types/cacheable-request/-/cacheable-request-6.0.3.tgz. Extracting by manifest.
898 silly tarball no local data for @types/d3-array@https://registry.npmjs.org/@types/d3-array/-/d3-array-3.2.2.tgz. Extracting by manifest.
899 silly tarball no local data for @types/babel__traverse@https://registry.npmjs.org/@types/babel__traverse/-/babel__traverse-7.28.0.tgz. Extracting by manifest.
900 silly tarball no local data for @types/babel__template@https://registry.npmjs.org/@types/babel__template/-/babel__template-7.4.4.tgz. Extracting by manifest.
901 silly tarball no local data for @types/babel__core@https://registry.npmjs.org/@types/babel__core/-/babel__core-7.20.5.tgz. Extracting by manifest.
902 silly tarball no local data for @types/babel__generator@https://registry.npmjs.org/@types/babel__generator/-/babel__generator-7.27.0.tgz. Extracting by manifest.
903 silly tarball no local data for @tailwindcss/vite@https://registry.npmjs.org/@tailwindcss/vite/-/vite-4.3.3.tgz. Extracting by manifest.
904 silly tarball no local data for @tailwindcss/oxide-win32-x64-msvc@https://registry.npmjs.org/@tailwindcss/oxide-win32-x64-msvc/-/oxide-win32-x64-msvc-4.3.3.tgz. Extracting by manifest.
905 silly tarball no local data for @tailwindcss/oxide@https://registry.npmjs.org/@tailwindcss/oxide/-/oxide-4.3.3.tgz. Extracting by manifest.
906 silly tarball no local data for @szmarczak/http-timer@https://registry.npmjs.org/@szmarczak/http-timer/-/http-timer-4.0.6.tgz. Extracting by manifest.
907 silly tarball no local data for @tailwindcss/node@https://registry.npmjs.org/@tailwindcss/node/-/node-4.3.3.tgz. Extracting by manifest.
908 silly tarball no local data for @standard-schema/utils@https://registry.npmjs.org/@standard-schema/utils/-/utils-0.3.0.tgz. Extracting by manifest.
909 silly tarball no local data for @standard-schema/spec@https://registry.npmjs.org/@standard-schema/spec/-/spec-1.1.0.tgz. Extracting by manifest.
910 silly tarball no local data for @sindresorhus/is@https://registry.npmjs.org/@sindresorhus/is/-/is-4.6.0.tgz. Extracting by manifest.
911 silly tarball no local data for @rollup/rollup-win32-x64-msvc@https://registry.npmjs.org/@rollup/rollup-win32-x64-msvc/-/rollup-win32-x64-msvc-4.63.1.tgz. Extracting by manifest.
912 silly tarball no local data for @rolldown/pluginutils@https://registry.npmjs.org/@rolldown/pluginutils/-/pluginutils-1.0.0-beta.27.tgz. Extracting by manifest.
913 silly tarball no local data for @reduxjs/toolkit@https://registry.npmjs.org/@reduxjs/toolkit/-/toolkit-2.12.0.tgz. Extracting by manifest.
914 silly tarball no local data for @rollup/rollup-win32-x64-gnu@https://registry.npmjs.org/@rollup/rollup-win32-x64-gnu/-/rollup-win32-x64-gnu-4.63.1.tgz. Extracting by manifest.
915 silly tarball no local data for @peculiar/webcrypto@https://registry.npmjs.org/@peculiar/webcrypto/-/webcrypto-1.7.1.tgz. Extracting by manifest.
916 silly tarball no local data for @noble/hashes@https://registry.npmjs.org/@noble/hashes/-/hashes-2.4.0.tgz. Extracting by manifest.
917 silly tarball no local data for @peculiar/asn1-schema@https://registry.npmjs.org/@peculiar/asn1-schema/-/asn1-schema-2.9.4.tgz. Extracting by manifest.
918 silly tarball no local data for @peculiar/utils@https://registry.npmjs.org/@peculiar/utils/-/utils-2.0.3.tgz. Extracting by manifest.
919 silly tarball no local data for @peculiar/json-schema@https://registry.npmjs.org/@peculiar/json-schema/-/json-schema-1.1.12.tgz. Extracting by manifest.
920 silly tarball no local data for @malept/cross-spawn-promise@https://registry.npmjs.org/@malept/cross-spawn-promise/-/cross-spawn-promise-2.0.0.tgz. Extracting by manifest.
921 silly tarball no local data for @jridgewell/sourcemap-codec@https://registry.npmjs.org/@jridgewell/sourcemap-codec/-/sourcemap-codec-1.6.0.tgz. Extracting by manifest.
922 silly tarball no local data for @malept/flatpak-bundler@https://registry.npmjs.org/@malept/flatpak-bundler/-/flatpak-bundler-0.4.0.tgz. Extracting by manifest.
923 silly tarball no local data for @jridgewell/resolve-uri@https://registry.npmjs.org/@jridgewell/resolve-uri/-/resolve-uri-3.1.2.tgz. Extracting by manifest.
924 silly tarball no local data for @jridgewell/trace-mapping@https://registry.npmjs.org/@jridgewell/trace-mapping/-/trace-mapping-0.3.31.tgz. Extracting by manifest.
925 silly tarball no local data for @isaacs/fs-minipass@https://registry.npmjs.org/@isaacs/fs-minipass/-/fs-minipass-4.0.1.tgz. Extracting by manifest.
926 silly tarball no local data for @jridgewell/gen-mapping@https://registry.npmjs.org/@jridgewell/gen-mapping/-/gen-mapping-0.3.13.tgz. Extracting by manifest.
927 silly tarball no local data for @jridgewell/remapping@https://registry.npmjs.org/@jridgewell/remapping/-/remapping-2.3.5.tgz. Extracting by manifest.
928 silly tarball no local data for @esbuild/win32-x64@https://registry.npmjs.org/@esbuild/win32-x64/-/win32-x64-0.25.12.tgz. Extracting by manifest.
929 silly tarball no local data for @electron/windows-sign@https://registry.npmjs.org/@electron/windows-sign/-/windows-sign-1.2.2.tgz. Extracting by manifest.
930 silly tarball no local data for @electron/universal@https://registry.npmjs.org/@electron/universal/-/universal-2.0.3.tgz. Extracting by manifest.
931 silly tarball no local data for @electron/osx-sign@https://registry.npmjs.org/@electron/osx-sign/-/osx-sign-1.3.3.tgz. Extracting by manifest.
932 silly tarball no local data for @electron/rebuild@https://registry.npmjs.org/@electron/rebuild/-/rebuild-4.2.0.tgz. Extracting by manifest.
933 silly tarball no local data for @electron/notarize@https://registry.npmjs.org/@electron/notarize/-/notarize-2.5.0.tgz. Extracting by manifest.
934 silly tarball no local data for @electron/get@https://registry.npmjs.org/@electron/get/-/get-5.1.0.tgz. Extracting by manifest.
935 silly tarball no local data for @electron/asar@https://registry.npmjs.org/@electron/asar/-/asar-3.4.1.tgz. Extracting by manifest.
936 silly tarball no local data for @electron-internal/extract-zip@https://registry.npmjs.org/@electron-internal/extract-zip/-/extract-zip-1.0.5.tgz. Extracting by manifest.
937 silly tarball no local data for @babel/types@https://registry.npmjs.org/@babel/types/-/types-7.29.8.tgz. Extracting by manifest.
938 silly tarball no local data for @babel/traverse@https://registry.npmjs.org/@babel/traverse/-/traverse-7.29.8.tgz. Extracting by manifest.
939 silly tarball no local data for @babel/plugin-transform-react-jsx-source@https://registry.npmjs.org/@babel/plugin-transform-react-jsx-source/-/plugin-transform-react-jsx-source-7.29.7.tgz. Extracting by manifest.
940 silly tarball no local data for @babel/template@https://registry.npmjs.org/@babel/template/-/template-7.29.7.tgz. Extracting by manifest.
941 silly tarball no local data for @babel/plugin-transform-react-jsx-self@https://registry.npmjs.org/@babel/plugin-transform-react-jsx-self/-/plugin-transform-react-jsx-self-7.29.7.tgz. Extracting by manifest.
942 silly tarball no local data for @babel/parser@https://registry.npmjs.org/@babel/parser/-/parser-7.29.8.tgz. Extracting by manifest.
943 silly tarball no local data for @babel/helpers@https://registry.npmjs.org/@babel/helpers/-/helpers-7.29.7.tgz. Extracting by manifest.
944 silly tarball no local data for @babel/helper-validator-option@https://registry.npmjs.org/@babel/helper-validator-option/-/helper-validator-option-7.29.7.tgz. Extracting by manifest.
945 silly tarball no local data for @babel/helper-validator-identifier@https://registry.npmjs.org/@babel/helper-validator-identifier/-/helper-validator-identifier-7.29.7.tgz. Extracting by manifest.
946 silly tarball no local data for @babel/helper-string-parser@https://registry.npmjs.org/@babel/helper-string-parser/-/helper-string-parser-7.29.7.tgz. Extracting by manifest.
947 silly tarball no local data for @babel/helper-plugin-utils@https://registry.npmjs.org/@babel/helper-plugin-utils/-/helper-plugin-utils-7.29.7.tgz. Extracting by manifest.
948 silly tarball no local data for @babel/helper-module-transforms@https://registry.npmjs.org/@babel/helper-module-transforms/-/helper-module-transforms-7.29.7.tgz. Extracting by manifest.
949 silly tarball no local data for @babel/helper-module-imports@https://registry.npmjs.org/@babel/helper-module-imports/-/helper-module-imports-7.29.7.tgz. Extracting by manifest.
950 silly tarball no local data for @babel/helper-globals@https://registry.npmjs.org/@babel/helper-globals/-/helper-globals-7.29.7.tgz. Extracting by manifest.
951 silly tarball no local data for @babel/helper-compilation-targets@https://registry.npmjs.org/@babel/helper-compilation-targets/-/helper-compilation-targets-7.29.7.tgz. Extracting by manifest.
952 silly tarball no local data for @babel/generator@https://registry.npmjs.org/@babel/generator/-/generator-7.29.8.tgz. Extracting by manifest.
953 silly tarball no local data for @electron/fuses@https://registry.npmjs.org/@electron/fuses/-/fuses-2.1.3.tgz. Extracting by manifest.
954 silly tarball no local data for @babel/compat-data@https://registry.npmjs.org/@babel/compat-data/-/compat-data-7.29.7.tgz. Extracting by manifest.
955 silly tarball no local data for fs-extra@https://registry.npmjs.org/fs-extra/-/fs-extra-11.3.1.tgz. Extracting by manifest.
956 silly tarball no local data for @babel/core@https://registry.npmjs.org/@babel/core/-/core-7.29.7.tgz. Extracting by manifest.
957 silly tarball no local data for semver@https://registry.npmjs.org/semver/-/semver-7.8.5.tgz. Extracting by manifest.
958 silly tarball no local data for yallist@https://registry.npmjs.org/yallist/-/yallist-5.0.0.tgz. Extracting by manifest.
959 silly tarball no local data for semver@https://registry.npmjs.org/semver/-/semver-5.7.2.tgz. Extracting by manifest.
960 silly tarball no local data for which@https://registry.npmjs.org/which/-/which-6.0.1.tgz. Extracting by manifest.
961 silly tarball no local data for @babel/code-frame@https://registry.npmjs.org/@babel/code-frame/-/code-frame-7.29.7.tgz. Extracting by manifest.
962 silly tarball no local data for semver@https://registry.npmjs.org/semver/-/semver-7.8.5.tgz. Extracting by manifest.
963 silly tarball no local data for undici@https://registry.npmjs.org/undici/-/undici-6.28.1.tgz. Extracting by manifest.
964 silly tarball no local data for commander@https://registry.npmjs.org/commander/-/commander-9.5.0.tgz. Extracting by manifest.
965 silly tarball no local data for @noble/hashes@https://registry.npmjs.org/@noble/hashes/-/hashes-1.4.0.tgz. Extracting by manifest.
966 silly tarball no local data for env-paths@https://registry.npmjs.org/env-paths/-/env-paths-2.2.1.tgz. Extracting by manifest.
967 silly tarball no local data for semver@https://registry.npmjs.org/semver/-/semver-7.8.5.tgz. Extracting by manifest.
968 silly tarball no local data for semver@https://registry.npmjs.org/semver/-/semver-7.8.5.tgz. Extracting by manifest.
969 silly tarball no local data for isexe@https://registry.npmjs.org/isexe/-/isexe-4.0.0.tgz. Extracting by manifest.
970 silly tarball no local data for yallist@https://registry.npmjs.org/yallist/-/yallist-4.0.0.tgz. Extracting by manifest.
971 silly tarball no local data for semver@https://registry.npmjs.org/semver/-/semver-7.8.5.tgz. Extracting by manifest.
972 silly tarball no local data for minimatch@https://registry.npmjs.org/minimatch/-/minimatch-3.1.5.tgz. Extracting by manifest.
973 silly tarball no local data for lru-cache@https://registry.npmjs.org/lru-cache/-/lru-cache-6.0.0.tgz. Extracting by manifest.
974 silly tarball no local data for brace-expansion@https://registry.npmjs.org/brace-expansion/-/brace-expansion-1.1.18.tgz. Extracting by manifest.
975 silly tarball no local data for balanced-match@https://registry.npmjs.org/balanced-match/-/balanced-match-1.0.2.tgz. Extracting by manifest.
976 silly tarball no local data for universalify@https://registry.npmjs.org/universalify/-/universalify-0.1.2.tgz. Extracting by manifest.
977 silly tarball no local data for minimatch@https://registry.npmjs.org/minimatch/-/minimatch-5.1.9.tgz. Extracting by manifest.
978 silly tarball no local data for fs-extra@https://registry.npmjs.org/fs-extra/-/fs-extra-7.0.1.tgz. Extracting by manifest.
979 silly tarball no local data for jsonfile@https://registry.npmjs.org/jsonfile/-/jsonfile-4.0.0.tgz. Extracting by manifest.
980 silly tarball no local data for brace-expansion@https://registry.npmjs.org/brace-expansion/-/brace-expansion-2.1.4.tgz. Extracting by manifest.
981 silly tarball no local data for balanced-match@https://registry.npmjs.org/balanced-match/-/balanced-match-1.0.2.tgz. Extracting by manifest.
982 silly tarball no local data for undici-types@https://registry.npmjs.org/undici-types/-/undici-types-7.18.2.tgz. Extracting by manifest.
983 silly tarball no local data for @types/node@https://registry.npmjs.org/@types/node/-/node-24.13.4.tgz. Extracting by manifest.
984 silly tarball no local data for mimic-response@https://registry.npmjs.org/mimic-response/-/mimic-response-3.1.0.tgz. Extracting by manifest.
985 silly tarball no local data for balanced-match@https://registry.npmjs.org/balanced-match/-/balanced-match-1.0.2.tgz. Extracting by manifest.
986 silly tarball no local data for minimatch@https://registry.npmjs.org/minimatch/-/minimatch-3.1.5.tgz. Extracting by manifest.
987 silly tarball no local data for brace-expansion@https://registry.npmjs.org/brace-expansion/-/brace-expansion-1.1.18.tgz. Extracting by manifest.
988 silly tarball no local data for @malept/cross-spawn-promise@https://registry.npmjs.org/@malept/cross-spawn-promise/-/cross-spawn-promise-1.1.1.tgz. Extracting by manifest.
989 silly tarball no local data for which@https://registry.npmjs.org/which/-/which-2.0.2.tgz. Extracting by manifest.
990 silly tarball no local data for isexe@https://registry.npmjs.org/isexe/-/isexe-2.0.0.tgz. Extracting by manifest.
991 silly tarball no local data for which@https://registry.npmjs.org/which/-/which-2.0.2.tgz. Extracting by manifest.
992 silly tarball no local data for isexe@https://registry.npmjs.org/isexe/-/isexe-2.0.0.tgz. Extracting by manifest.
993 silly tarball no local data for semver@https://registry.npmjs.org/semver/-/semver-7.7.4.tgz. Extracting by manifest.
994 silly tarball no local data for jsonfile@https://registry.npmjs.org/jsonfile/-/jsonfile-4.0.0.tgz. Extracting by manifest.
995 silly tarball no local data for universalify@https://registry.npmjs.org/universalify/-/universalify-0.1.2.tgz. Extracting by manifest.
996 silly tarball no local data for semver@https://registry.npmjs.org/semver/-/semver-6.3.1.tgz. Extracting by manifest.
997 silly tarball no local data for env-paths@https://registry.npmjs.org/env-paths/-/env-paths-2.2.1.tgz. Extracting by manifest.
998 silly tarball no local data for @electron/get@https://registry.npmjs.org/@electron/get/-/get-3.1.0.tgz. Extracting by manifest.
999 silly tarball no local data for ci-info@https://registry.npmjs.org/ci-info/-/ci-info-4.3.1.tgz. Extracting by manifest.
1000 silly tarball no local data for fs-extra@https://registry.npmjs.org/fs-extra/-/fs-extra-8.1.0.tgz. Extracting by manifest.
1001 silly tarball no local data for universalify@https://registry.npmjs.org/universalify/-/universalify-2.0.1.tgz. Extracting by manifest.
1002 silly tarball no local data for jsonfile@https://registry.npmjs.org/jsonfile/-/jsonfile-6.2.1.tgz. Extracting by manifest.
1003 silly tarball no local data for fs-extra@https://registry.npmjs.org/fs-extra/-/fs-extra-9.1.0.tgz. Extracting by manifest.
1004 silly tarball no local data for fs-extra@https://registry.npmjs.org/fs-extra/-/fs-extra-9.1.0.tgz. Extracting by manifest.
1005 silly tarball no local data for fs-extra@https://registry.npmjs.org/fs-extra/-/fs-extra-11.4.0.tgz. Extracting by manifest.
1006 silly tarball no local data for @electron/fuses@https://registry.npmjs.org/@electron/fuses/-/fuses-1.8.0.tgz. Extracting by manifest.
1007 silly tarball no local data for isbinaryfile@https://registry.npmjs.org/isbinaryfile/-/isbinaryfile-4.0.10.tgz. Extracting by manifest.
1008 silly tarball no local data for minimatch@https://registry.npmjs.org/minimatch/-/minimatch-9.0.9.tgz. Extracting by manifest.
1009 silly tarball no local data for fs-extra@https://registry.npmjs.org/fs-extra/-/fs-extra-11.4.0.tgz. Extracting by manifest.
1010 silly tarball no local data for brace-expansion@https://registry.npmjs.org/brace-expansion/-/brace-expansion-2.1.4.tgz. Extracting by manifest.
1011 silly tarball no local data for balanced-match@https://registry.npmjs.org/balanced-match/-/balanced-match-1.0.2.tgz. Extracting by manifest.
1012 silly tarball no local data for semver@https://registry.npmjs.org/semver/-/semver-7.8.5.tgz. Extracting by manifest.
1013 silly tarball no local data for fs-extra@https://registry.npmjs.org/fs-extra/-/fs-extra-9.1.0.tgz. Extracting by manifest.
1014 silly tarball no local data for brace-expansion@https://registry.npmjs.org/brace-expansion/-/brace-expansion-1.1.18.tgz. Extracting by manifest.
1015 silly tarball no local data for minimatch@https://registry.npmjs.org/minimatch/-/minimatch-3.1.5.tgz. Extracting by manifest.
1016 silly tarball no local data for balanced-match@https://registry.npmjs.org/balanced-match/-/balanced-match-1.0.2.tgz. Extracting by manifest.
1017 http fetch GET 200 https://registry.npmjs.org/update-browserslist-db/-/update-browserslist-db-1.3.2.tgz 1912ms (cache miss)
1018 http fetch GET 200 https://registry.npmjs.org/universalify/-/universalify-2.0.1.tgz 1976ms (cache miss)
1019 http fetch GET 200 https://registry.npmjs.org/tiny-async-pool/-/tiny-async-pool-1.3.0.tgz 1978ms (cache miss)
1020 http fetch GET 200 https://registry.npmjs.org/wrappy/-/wrappy-1.0.2.tgz 2068ms (cache miss)
1021 http fetch GET 200 https://registry.npmjs.org/yocto-queue/-/yocto-queue-0.1.0.tgz 2074ms (cache miss)
1022 http fetch GET 200 https://registry.npmjs.org/wrap-ansi/-/wrap-ansi-7.0.0.tgz 2070ms (cache miss)
1023 http fetch GET 200 https://registry.npmjs.org/yallist/-/yallist-3.1.1.tgz 2074ms (cache miss)
1024 http fetch GET 200 https://registry.npmjs.org/temp-file/-/temp-file-3.4.0.tgz 2070ms (cache miss)
1025 http fetch GET 200 https://registry.npmjs.org/util-deprecate/-/util-deprecate-1.0.2.tgz 2331ms (cache miss)
1026 http fetch GET 200 https://registry.npmjs.org/which/-/which-5.0.0.tgz 2332ms (cache miss)
1027 http fetch GET 200 https://registry.npmjs.org/strip-ansi/-/strip-ansi-6.0.1.tgz 2415ms (cache miss)
1028 http fetch GET 200 https://registry.npmjs.org/string-width/-/string-width-4.2.3.tgz 2417ms (cache miss)
1029 http fetch GET 200 https://registry.npmjs.org/serialize-error/-/serialize-error-7.0.1.tgz 2411ms (cache miss)
1030 http fetch GET 200 https://registry.npmjs.org/semver-compare/-/semver-compare-1.0.0.tgz 2413ms (cache miss)
1031 http fetch GET 200 https://registry.npmjs.org/supports-color/-/supports-color-7.2.0.tgz 2483ms (cache miss)
1032 http fetch GET 200 https://registry.npmjs.org/shebang-regex/-/shebang-regex-3.0.0.tgz 2478ms (cache miss)
1033 http fetch GET 200 https://registry.npmjs.org/shebang-command/-/shebang-command-2.0.0.tgz 2481ms (cache miss)
1034 http fetch GET 200 https://registry.npmjs.org/retry/-/retry-0.12.0.tgz 2477ms (cache miss)
1035 http fetch GET 200 https://registry.npmjs.org/read-binary-file-arch/-/read-binary-file-arch-1.0.6.tgz 2469ms (cache miss)
1036 http fetch GET 200 https://registry.npmjs.org/safe-buffer/-/safe-buffer-5.1.2.tgz 2559ms (cache miss)
1037 http fetch GET 200 https://registry.npmjs.org/require-from-string/-/require-from-string-2.0.2.tgz 2556ms (cache miss)
1038 http fetch GET 200 https://registry.npmjs.org/resolve-alpn/-/resolve-alpn-1.2.1.tgz 2558ms (cache miss)
1039 http fetch GET 200 https://registry.npmjs.org/sax/-/sax-1.6.1.tgz 2563ms (cache miss)
1040 http fetch GET 200 https://registry.npmjs.org/pvutils/-/pvutils-1.2.0.tgz 2636ms (cache miss)
1041 http fetch GET 200 https://registry.npmjs.org/progress/-/progress-2.0.3.tgz 2636ms (cache miss)
1042 http fetch GET 200 https://registry.npmjs.org/signal-exit/-/signal-exit-3.0.7.tgz 2739ms (cache miss)
1043 http fetch GET 200 https://registry.npmjs.org/responselike/-/responselike-2.0.1.tgz 2733ms (cache miss)
1044 http fetch GET 200 https://registry.npmjs.org/quick-lru/-/quick-lru-5.1.1.tgz 2825ms (cache miss)
1045 http fetch GET 200 https://registry.npmjs.org/process-nextick-args/-/process-nextick-args-2.0.1.tgz 2821ms (cache miss)
1046 http fetch GET 200 https://registry.npmjs.org/p-cancelable/-/p-cancelable-2.1.1.tgz 2966ms (cache miss)
1047 http fetch GET 200 https://registry.npmjs.org/temp/-/temp-0.9.4.tgz 3126ms (cache miss)
1048 http fetch GET 200 https://registry.npmjs.org/proc-log/-/proc-log-6.1.0.tgz 3109ms (cache miss)
1049 http fetch GET 200 https://registry.npmjs.org/png-to-ico/-/png-to-ico-3.0.1.tgz 3108ms (cache miss)
1050 http fetch GET 200 https://registry.npmjs.org/path-key/-/path-key-3.1.1.tgz 3108ms (cache miss)
1051 http fetch GET 200 https://registry.npmjs.org/picocolors/-/picocolors-1.1.1.tgz 3111ms (cache miss)
1052 http fetch GET 200 https://registry.npmjs.org/path-is-absolute/-/path-is-absolute-1.0.1.tgz 3249ms (cache miss)
1053 http fetch GET 200 https://registry.npmjs.org/p-limit/-/p-limit-3.1.0.tgz 3249ms (cache miss)
1054 http fetch GET 200 https://registry.npmjs.org/node-api-version/-/node-api-version-0.2.1.tgz 3240ms (cache miss)
1055 http fetch GET 200 https://registry.npmjs.org/matcher/-/matcher-3.0.0.tgz 3239ms (cache miss)
1056 http fetch GET 200 https://registry.npmjs.org/object-keys/-/object-keys-1.1.1.tgz 3360ms (cache miss)
1057 http fetch GET 200 https://registry.npmjs.org/once/-/once-1.4.0.tgz 3370ms (cache miss)
1058 http fetch GET 200 https://registry.npmjs.org/node-releases/-/node-releases-2.0.55.tgz 3359ms (cache miss)
1059 http fetch GET 200 https://registry.npmjs.org/nopt/-/nopt-9.0.0.tgz 3361ms (cache miss)
1060 http fetch GET 200 https://registry.npmjs.org/node-abi/-/node-abi-4.35.0.tgz 3361ms (cache miss)
1061 http fetch GET 200 https://registry.npmjs.org/lazy-val/-/lazy-val-1.0.5.tgz 3349ms (cache miss)
1062 http fetch GET 200 https://registry.npmjs.org/loose-envify/-/loose-envify-1.4.0.tgz 3358ms (cache miss)
1063 http fetch GET 200 https://registry.npmjs.org/source-map-support/-/source-map-support-0.5.21.tgz 3517ms (cache miss)
1064 http fetch GET 200 https://registry.npmjs.org/pvtsutils/-/pvtsutils-1.3.6.tgz 3495ms (cache miss)
1065 http fetch GET 200 https://registry.npmjs.org/normalize-url/-/normalize-url-6.1.0.tgz 3492ms (cache miss)
1066 http fetch GET 200 https://registry.npmjs.org/ms/-/ms-2.1.3.tgz 3479ms (cache miss)
1067 http fetch GET 200 https://registry.npmjs.org/nanoid/-/nanoid-3.3.18.tgz 3481ms (cache miss)
1068 http fetch GET 200 https://registry.npmjs.org/mkdirp/-/mkdirp-0.5.6.tgz 3481ms (cache miss)
1069 http fetch GET 200 https://registry.npmjs.org/math-intrinsics/-/math-intrinsics-1.1.0.tgz 3483ms (cache miss)
1070 http fetch GET 200 https://registry.npmjs.org/tinyglobby/-/tinyglobby-0.2.17.tgz 3621ms (cache miss)
1071 http fetch GET 200 https://registry.npmjs.org/require-directory/-/require-directory-2.1.1.tgz 3610ms (cache miss)
1072 http fetch GET 200 https://registry.npmjs.org/mimic-response/-/mimic-response-1.0.1.tgz 3578ms (cache miss)
1073 http fetch GET 200 https://registry.npmjs.org/keyv/-/keyv-4.5.4.tgz 3570ms (cache miss)
1074 http fetch GET 200 https://registry.npmjs.org/lowercase-keys/-/lowercase-keys-2.0.0.tgz 3575ms (cache miss)
1075 http fetch GET 200 https://registry.npmjs.org/mime-types/-/mime-types-2.1.35.tgz 3679ms (cache miss)
1076 http fetch GET 200 https://registry.npmjs.org/json-stringify-safe/-/json-stringify-safe-5.0.1.tgz 3674ms (cache miss)
1077 http fetch GET 200 https://registry.npmjs.org/jsesc/-/jsesc-3.1.0.tgz 3675ms (cache miss)
1078 http fetch GET 200 https://registry.npmjs.org/utf8-byte-length/-/utf8-byte-length-1.0.5.tgz 3841ms (cache miss)
1079 http fetch GET 200 https://registry.npmjs.org/tmp-promise/-/tmp-promise-3.0.3.tgz 3836ms (cache miss)
1080 http fetch GET 200 https://registry.npmjs.org/node-int64/-/node-int64-0.4.0.tgz 3803ms (cache miss)
1081 http fetch GET 200 https://registry.npmjs.org/lru-cache/-/lru-cache-5.1.1.tgz 3796ms (cache miss)
1082 http fetch GET 200 https://registry.npmjs.org/jsonfile/-/jsonfile-6.2.1.tgz 3793ms (cache miss)
1083 http fetch GET 200 https://registry.npmjs.org/json-buffer/-/json-buffer-3.0.1.tgz 3791ms (cache miss)
1084 http fetch GET 200 https://registry.npmjs.org/isbinaryfile/-/isbinaryfile-5.0.7.tgz 3793ms (cache miss)
1085 http fetch GET 200 https://registry.npmjs.org/is-fullwidth-code-point/-/is-fullwidth-code-point-3.0.0.tgz 3797ms (cache miss)
1086 http fetch GET 200 https://registry.npmjs.org/json-schema-traverse/-/json-schema-traverse-1.0.0.tgz 3957ms (cache miss)
1087 http fetch GET 200 https://registry.npmjs.org/js-tokens/-/js-tokens-4.0.0.tgz 3956ms (cache miss)
1088 http fetch GET 200 https://registry.npmjs.org/is-wsl/-/is-wsl-2.2.0.tgz 3956ms (cache miss)
1089 http fetch GET 200 https://registry.npmjs.org/inflight/-/inflight-1.0.6.tgz 3957ms (cache miss)
1090 warn deprecated inflight@1.0.6: This module is not supported, and leaks memory. Do not use it. Check out lru-cache if you want a good and tested way to coalesce async requests by a key value, which is much more comprehensive and powerful.
1091 http fetch GET 200 https://registry.npmjs.org/isarray/-/isarray-1.0.0.tgz 3969ms (cache miss)
1092 http fetch GET 200 https://registry.npmjs.org/tmp/-/tmp-0.2.7.tgz 4122ms (cache miss)
1093 http fetch GET 200 https://registry.npmjs.org/rimraf/-/rimraf-2.6.3.tgz 4115ms (cache miss)
1094 warn deprecated rimraf@2.6.3: Rimraf versions prior to v4 are no longer supported
1095 http fetch GET 200 https://registry.npmjs.org/http-cache-semantics/-/http-cache-semantics-4.2.0.tgz 4085ms (cache miss)
1096 http fetch GET 200 https://registry.npmjs.org/hasown/-/hasown-2.0.4.tgz 4088ms (cache miss)
1097 http fetch GET 200 https://registry.npmjs.org/string_decoder/-/string_decoder-1.1.1.tgz 4298ms (cache miss)
1098 http fetch GET 200 https://registry.npmjs.org/internmap/-/internmap-2.0.3.tgz 4274ms (cache miss)
1099 http fetch GET 200 https://registry.npmjs.org/is-docker/-/is-docker-2.2.1.tgz 4277ms (cache miss)
1100 http fetch GET 200 https://registry.npmjs.org/has-tostringtag/-/has-tostringtag-1.0.2.tgz 4274ms (cache miss)
1101 http fetch GET 200 https://registry.npmjs.org/inherits/-/inherits-2.0.4.tgz 4278ms (cache miss)
1102 http fetch GET 200 https://registry.npmjs.org/has-flag/-/has-flag-4.0.0.tgz 4276ms (cache miss)
1103 http fetch GET 200 https://registry.npmjs.org/has-property-descriptors/-/has-property-descriptors-1.0.2.tgz 4279ms (cache miss)
1104 http fetch GET 200 https://registry.npmjs.org/get-stream/-/get-stream-5.2.0.tgz 4277ms (cache miss)
1105 http fetch GET 200 https://registry.npmjs.org/graceful-fs/-/graceful-fs-4.2.11.tgz 4279ms (cache miss)
1106 http fetch GET 200 https://registry.npmjs.org/truncate-utf8-bytes/-/truncate-utf8-bytes-1.0.2.tgz 4481ms (cache miss)
1107 http fetch GET 200 https://registry.npmjs.org/semver/-/semver-6.3.1.tgz 4473ms (cache miss)
1108 http fetch GET 200 https://registry.npmjs.org/get-caller-file/-/get-caller-file-2.0.5.tgz 4425ms (cache miss)
1109 http fetch GET 200 https://registry.npmjs.org/react-is/-/react-is-18.3.1.tgz 4604ms (cache miss)
1110 http fetch GET 200 https://registry.npmjs.org/gensync/-/gensync-1.0.0-beta.2.tgz 4558ms (cache miss)
1111 http fetch GET 200 https://registry.npmjs.org/has-symbols/-/has-symbols-1.1.0.tgz 4563ms (cache miss)
1112 http fetch GET 200 https://registry.npmjs.org/es-define-property/-/es-define-property-1.0.1.tgz 4561ms (cache miss)
1113 http fetch GET 200 https://registry.npmjs.org/es-errors/-/es-errors-1.3.0.tgz 4576ms (cache miss)
1114 http fetch GET 200 https://registry.npmjs.org/stat-mode/-/stat-mode-1.0.0.tgz 4738ms (cache miss)
1115 http fetch GET 200 https://registry.npmjs.org/promise-retry/-/promise-retry-2.0.1.tgz 4716ms (cache miss)
1116 http fetch GET 200 https://registry.npmjs.org/get-intrinsic/-/get-intrinsic-1.3.0.tgz 4680ms (cache miss)
1117 http fetch GET 200 https://registry.npmjs.org/get-proto/-/get-proto-1.0.1.tgz 4682ms (cache miss)
1118 http fetch GET 200 https://registry.npmjs.org/escape-string-regexp/-/escape-string-regexp-4.0.0.tgz 4680ms (cache miss)
1119 http fetch GET 200 https://registry.npmjs.org/end-of-stream/-/end-of-stream-1.4.5.tgz 4675ms (cache miss)
1120 http fetch GET 200 https://registry.npmjs.org/y18n/-/y18n-5.0.8.tgz 4832ms (cache miss)
1121 http fetch GET 200 https://registry.npmjs.org/proper-lockfile/-/proper-lockfile-4.1.2.tgz 4802ms (cache miss)
1122 http fetch GET 200 https://registry.npmjs.org/fdir/-/fdir-6.5.0.tgz 4764ms (cache miss)
1123 http fetch GET 200 https://registry.npmjs.org/fs.realpath/-/fs.realpath-1.0.0.tgz 4769ms (cache miss)
1124 http fetch GET 200 https://registry.npmjs.org/function-bind/-/function-bind-1.1.2.tgz 4770ms (cache miss)
1125 http fetch GET 200 https://registry.npmjs.org/filelist/-/filelist-1.0.6.tgz 4769ms (cache miss)
1126 http fetch GET 200 https://registry.npmjs.org/es-set-tostringtag/-/es-set-tostringtag-2.1.0.tgz 4767ms (cache miss)
1127 http fetch GET 200 https://registry.npmjs.org/es-object-atoms/-/es-object-atoms-1.1.2.tgz 4768ms (cache miss)
1128 http fetch GET 200 https://registry.npmjs.org/hosted-git-info/-/hosted-git-info-4.1.0.tgz 5012ms (cache miss)
1129 http fetch GET 200 https://registry.npmjs.org/escalade/-/escalade-3.2.0.tgz 5009ms (cache miss)
1130 http fetch GET 200 https://registry.npmjs.org/fast-deep-equal/-/fast-deep-equal-3.1.3.tgz 5011ms (cache miss)
1131 http fetch GET 200 https://registry.npmjs.org/emoji-regex/-/emoji-regex-8.0.0.tgz 5012ms (cache miss)
1132 http fetch GET 200 https://registry.npmjs.org/es6-error/-/es6-error-4.1.1.tgz 5141ms (cache miss)
1133 http fetch GET 200 https://registry.npmjs.org/env-paths/-/env-paths-3.0.0.tgz 5143ms (cache miss)
1134 http fetch GET 200 https://registry.npmjs.org/detect-node/-/detect-node-2.1.0.tgz 5244ms (cache miss)
1135 http fetch GET 200 https://registry.npmjs.org/err-code/-/err-code-2.0.3.tgz 5253ms (cache miss)
1136 http fetch GET 200 https://registry.npmjs.org/duplexer2/-/duplexer2-0.1.4.tgz 5249ms (cache miss)
1137 http fetch GET 200 https://registry.npmjs.org/redux-thunk/-/redux-thunk-3.1.0.tgz 5435ms (cache miss)
1138 http fetch GET 200 https://registry.npmjs.org/electron-builder-squirrel-windows/-/electron-builder-squirrel-windows-26.15.3.tgz 5381ms (cache miss)
1139 http fetch GET 200 https://registry.npmjs.org/delayed-stream/-/delayed-stream-1.0.0.tgz 5379ms (cache miss)
1140 http fetch GET 200 https://registry.npmjs.org/detect-libc/-/detect-libc-2.1.2.tgz 5378ms (cache miss)
1141 http fetch GET 200 https://registry.npmjs.org/defer-to-connect/-/defer-to-connect-2.0.1.tgz 5380ms (cache miss)
1142 http fetch GET 200 https://registry.npmjs.org/define-properties/-/define-properties-1.2.1.tgz 5382ms (cache miss)
1143 http fetch GET 200 https://registry.npmjs.org/define-data-property/-/define-data-property-1.1.4.tgz 5382ms (cache miss)
1144 http fetch GET 200 https://registry.npmjs.org/d3-ease/-/d3-ease-3.0.1.tgz 5378ms (cache miss)
1145 http fetch GET 200 https://registry.npmjs.org/react-refresh/-/react-refresh-0.17.0.tgz 5549ms (cache miss)
1146 http fetch GET 200 https://registry.npmjs.org/dunder-proto/-/dunder-proto-1.0.1.tgz 5502ms (cache miss)
1147 http fetch GET 200 https://registry.npmjs.org/d3-timer/-/d3-timer-3.0.1.tgz 5491ms (cache miss)
1148 http fetch GET 200 https://registry.npmjs.org/d3-time/-/d3-time-3.1.0.tgz 5492ms (cache miss)
1149 http fetch GET 200 https://registry.npmjs.org/dotenv-expand/-/dotenv-expand-11.0.7.tgz 5503ms (cache miss)
1150 http fetch GET 200 https://registry.npmjs.org/color-name/-/color-name-1.1.4.tgz 5501ms (cache miss)
1151 http fetch GET 200 https://registry.npmjs.org/convert-source-map/-/convert-source-map-2.0.0.tgz 5502ms (cache miss)
1152 http fetch GET 200 https://registry.npmjs.org/color-convert/-/color-convert-2.0.1.tgz 5500ms (cache miss)
1153 http fetch GET 200 https://registry.npmjs.org/sprintf-js/-/sprintf-js-1.1.3.tgz 5691ms (cache miss)
1154 http fetch GET 200 https://registry.npmjs.org/pump/-/pump-3.0.4.tgz 5669ms (cache miss)
1155 http fetch GET 200 https://registry.npmjs.org/glob/-/glob-7.2.3.tgz 5622ms (cache miss)
1156 http fetch GET 200 https://registry.npmjs.org/decompress-response/-/decompress-response-6.0.0.tgz 5623ms (cache miss)
1157 http fetch GET 200 https://registry.npmjs.org/d3-color/-/d3-color-3.1.0.tgz 5614ms (cache miss)
1158 http fetch GET 200 https://registry.npmjs.org/cross-dirname/-/cross-dirname-0.1.0.tgz 5614ms (cache miss)
1159 http fetch GET 200 https://registry.npmjs.org/cliui/-/cliui-8.0.1.tgz 5611ms (cache miss)
1160 http fetch GET 200 https://registry.npmjs.org/core-util-is/-/core-util-is-1.0.3.tgz 5617ms (cache miss)
1161 http fetch GET 200 https://registry.npmjs.org/clone-response/-/clone-response-1.0.3.tgz 5617ms (cache miss)
1162 http fetch GET 200 https://registry.npmjs.org/webcrypto-core/-/webcrypto-core-1.9.2.tgz 5782ms (cache miss)
1163 http fetch GET 200 https://registry.npmjs.org/sanitize-filename/-/sanitize-filename-1.6.4.tgz 5759ms (cache miss)
1164 http fetch GET 200 https://registry.npmjs.org/mime-db/-/mime-db-1.52.0.tgz 5730ms (cache miss)
1165 http fetch GET 200 https://registry.npmjs.org/d3-path/-/d3-path-3.1.0.tgz 5685ms (cache miss)
1166 http fetch GET 200 https://registry.npmjs.org/concat-map/-/concat-map-0.0.1.tgz 5684ms (cache miss)
1167 warn deprecated glob@7.2.3: Old versions of glob are not supported, and contain widely publicized security vulnerabilities, which have been fixed in the current version. Please update. Support for old versions may be purchased (at exorbitant rates) by contacting i@izs.me
1168 http fetch GET 200 https://registry.npmjs.org/cross-spawn/-/cross-spawn-7.0.6.tgz 5791ms (cache miss)
1169 http fetch GET 200 https://registry.npmjs.org/compare-version/-/compare-version-0.1.2.tgz 5790ms (cache miss)
1170 http fetch GET 200 https://registry.npmjs.org/chromium-pickle-js/-/chromium-pickle-js-0.2.0.tgz 5789ms (cache miss)
1171 http fetch GET 200 https://registry.npmjs.org/combined-stream/-/combined-stream-1.0.8.tgz 5878ms (cache miss)
1172 http fetch GET 200 https://registry.npmjs.org/call-bind-apply-helpers/-/call-bind-apply-helpers-1.0.2.tgz 5883ms (cache miss)
1173 http fetch GET 200 https://registry.npmjs.org/cacheable-lookup/-/cacheable-lookup-5.0.4.tgz 5883ms (cache miss)
1174 http fetch GET 200 https://registry.npmjs.org/buffer-from/-/buffer-from-1.1.2.tgz 5887ms (cache miss)
1175 http fetch GET 200 https://registry.npmjs.org/aws4/-/aws4-1.13.2.tgz 5889ms (cache miss)
1176 http fetch GET 200 https://registry.npmjs.org/brace-expansion/-/brace-expansion-5.0.9.tgz 6101ms (cache miss)
1177 http fetch GET 200 https://registry.npmjs.org/chownr/-/chownr-3.0.0.tgz 6105ms (cache miss)
1178 http fetch GET 200 https://registry.npmjs.org/balanced-match/-/balanced-match-4.0.4.tgz 6099ms (cache miss)
1179 http fetch GET 200 https://registry.npmjs.org/ansi-regex/-/ansi-regex-5.0.1.tgz 6101ms (cache miss)
1180 http fetch GET 200 https://registry.npmjs.org/http-proxy-agent/-/http-proxy-agent-7.0.2.tgz 6327ms (cache miss)
1181 http fetch GET 200 https://registry.npmjs.org/cacheable-request/-/cacheable-request-7.0.4.tgz 6299ms (cache miss)
1182 http fetch GET 200 https://registry.npmjs.org/@types/keyv/-/keyv-3.1.4.tgz 6308ms (cache miss)
1183 http fetch GET 200 https://registry.npmjs.org/boolean/-/boolean-3.2.0.tgz 6499ms (cache miss)
1184 http fetch GET 200 https://registry.npmjs.org/async-exit-hook/-/async-exit-hook-2.0.1.tgz 6496ms (cache miss)
1185 http fetch GET 200 https://registry.npmjs.org/abbrev/-/abbrev-4.0.0.tgz 6495ms (cache miss)
1186 http fetch GET 200 https://registry.npmjs.org/@types/use-sync-external-store/-/use-sync-external-store-0.0.6.tgz 6495ms (cache miss)
1187 http fetch GET 200 https://registry.npmjs.org/@types/responselike/-/responselike-1.0.3.tgz 6495ms (cache miss)
1188 http fetch GET 200 https://registry.npmjs.org/@types/d3-path/-/d3-path-3.1.1.tgz 6489ms (cache miss)
1189 http fetch GET 200 https://registry.npmjs.org/@types/d3-timer/-/d3-timer-3.0.2.tgz 6499ms (cache miss)
1190 http fetch GET 200 https://registry.npmjs.org/@types/d3-time/-/d3-time-3.0.4.tgz 6509ms (cache miss)
1191 http fetch GET 200 https://registry.npmjs.org/@types/d3-ease/-/d3-ease-3.0.2.tgz 6509ms (cache miss)
1192 http fetch GET 200 https://registry.npmjs.org/tiny-invariant/-/tiny-invariant-1.3.3.tgz 6829ms (cache miss)
1193 http fetch GET 200 https://registry.npmjs.org/at-least-node/-/at-least-node-1.0.0.tgz 6759ms (cache miss)
1194 http fetch GET 200 https://registry.npmjs.org/@types/react-dom/-/react-dom-18.3.7.tgz 6759ms (cache miss)
1195 http fetch GET 200 https://registry.npmjs.org/@types/estree/-/estree-1.0.9.tgz 6759ms (cache miss)
1196 http fetch GET 200 https://registry.npmjs.org/ansi-styles/-/ansi-styles-4.3.0.tgz 6769ms (cache miss)
1197 http fetch GET 200 https://registry.npmjs.org/@types/prop-types/-/prop-types-15.7.15.tgz 6766ms (cache miss)
1198 http fetch GET 200 https://registry.npmjs.org/picomatch/-/picomatch-4.0.7.tgz 7009ms (cache miss)
1199 http fetch GET 200 https://registry.npmjs.org/@types/debug/-/debug-4.1.13.tgz 6923ms (cache miss)
1200 http fetch GET 200 https://registry.npmjs.org/@types/ms/-/ms-2.1.0.tgz 6924ms (cache miss)
1201 http fetch GET 200 https://registry.npmjs.org/@tailwindcss/vite/-/vite-4.3.3.tgz 6916ms (cache miss)
1202 http fetch GET 200 https://registry.npmjs.org/@types/babel__generator/-/babel__generator-7.27.0.tgz 6918ms (cache miss)
1203 http fetch GET 200 https://registry.npmjs.org/base64-js/-/base64-js-1.5.1.tgz 7058ms (cache miss)
1204 http fetch GET 200 https://registry.npmjs.org/@types/http-cache-semantics/-/http-cache-semantics-4.2.0.tgz 7050ms (cache miss)
1205 http fetch GET 200 https://registry.npmjs.org/@types/fs-extra/-/fs-extra-9.0.13.tgz 7049ms (cache miss)
1206 http fetch GET 200 https://registry.npmjs.org/@types/d3-color/-/d3-color-3.1.3.tgz 7046ms (cache miss)
1207 http fetch GET 200 https://registry.npmjs.org/@types/d3-interpolate/-/d3-interpolate-3.0.4.tgz 7047ms (cache miss)
1208 http fetch GET 200 https://registry.npmjs.org/@types/cacheable-request/-/cacheable-request-6.0.3.tgz 7048ms (cache miss)
1209 http fetch GET 200 https://registry.npmjs.org/@types/d3-array/-/d3-array-3.2.2.tgz 7048ms (cache miss)
1210 http fetch GET 200 https://registry.npmjs.org/@standard-schema/utils/-/utils-0.3.0.tgz 7119ms (cache miss)
1211 http fetch GET 200 https://registry.npmjs.org/@types/babel__core/-/babel__core-7.20.5.tgz 7123ms (cache miss)
1212 http fetch GET 200 https://registry.npmjs.org/@rolldown/pluginutils/-/pluginutils-1.0.0-beta.27.tgz 7123ms (cache miss)
1213 http fetch GET 200 https://registry.npmjs.org/mime/-/mime-2.6.0.tgz 7244ms (cache miss)
1214 http fetch GET 200 https://registry.npmjs.org/form-data/-/form-data-4.0.6.tgz 7222ms (cache miss)
1215 http fetch GET 200 https://registry.npmjs.org/debug/-/debug-4.4.3.tgz 7397ms (cache miss)
1216 http fetch GET 200 https://registry.npmjs.org/@types/babel__template/-/babel__template-7.4.4.tgz 7373ms (cache miss)
1217 http fetch GET 200 https://registry.npmjs.org/@szmarczak/http-timer/-/http-timer-4.0.6.tgz 7446ms (cache miss)
1218 http fetch GET 200 https://registry.npmjs.org/@standard-schema/spec/-/spec-1.1.0.tgz 7446ms (cache miss)
1219 http fetch GET 200 https://registry.npmjs.org/@types/babel__traverse/-/babel__traverse-7.28.0.tgz 7463ms (cache miss)
1220 http fetch GET 200 https://registry.npmjs.org/@tailwindcss/oxide/-/oxide-4.3.3.tgz 7560ms (cache miss)
1221 http fetch GET 200 https://registry.npmjs.org/@types/d3-shape/-/d3-shape-3.2.0.tgz 7572ms (cache miss)
1222 http fetch GET 200 https://registry.npmjs.org/esbuild/-/esbuild-0.25.12.tgz 7646ms (cache miss)
1223 http fetch GET 200 https://registry.npmjs.org/ci-info/-/ci-info-4.4.0.tgz 7620ms (cache miss)
1224 http fetch GET 200 https://registry.npmjs.org/@malept/flatpak-bundler/-/flatpak-bundler-0.4.0.tgz 7639ms (cache miss)
1225 http fetch GET 200 https://registry.npmjs.org/commander/-/commander-5.1.0.tgz 7770ms (cache miss)
1226 http fetch GET 200 https://registry.npmjs.org/chalk/-/chalk-4.1.2.tgz 7767ms (cache miss)
1227 http fetch GET 200 https://registry.npmjs.org/@types/d3-scale/-/d3-scale-4.0.9.tgz 7751ms (cache miss)
1228 http fetch GET 200 https://registry.npmjs.org/@jridgewell/remapping/-/remapping-2.3.5.tgz 7843ms (cache miss)
1229 http fetch GET 200 https://registry.npmjs.org/@peculiar/json-schema/-/json-schema-1.1.12.tgz 7923ms (cache miss)
1230 http fetch GET 200 https://registry.npmjs.org/@babel/plugin-transform-react-jsx-source/-/plugin-transform-react-jsx-source-7.29.7.tgz 7950ms (cache miss)
1231 http fetch GET 200 https://registry.npmjs.org/@malept/cross-spawn-promise/-/cross-spawn-promise-2.0.0.tgz 8006ms (cache miss)
1232 http fetch GET 200 https://registry.npmjs.org/yargs-parser/-/yargs-parser-21.1.1.tgz 8188ms (cache miss)
1233 http fetch GET 200 https://registry.npmjs.org/@electron/notarize/-/notarize-2.5.0.tgz 8063ms (cache miss)
1234 http fetch GET 200 https://registry.npmjs.org/@babel/plugin-transform-react-jsx-self/-/plugin-transform-react-jsx-self-7.29.7.tgz 8064ms (cache miss)
1235 http fetch GET 200 https://registry.npmjs.org/@babel/helper-globals/-/helper-globals-7.29.7.tgz 8066ms (cache miss)
1236 http fetch GET 200 https://registry.npmjs.org/@babel/helper-validator-identifier/-/helper-validator-identifier-7.29.7.tgz 8204ms (cache miss)
1237 http fetch GET 200 https://registry.npmjs.org/@babel/helper-plugin-utils/-/helper-plugin-utils-7.29.7.tgz 8221ms (cache miss)
1238 http fetch GET 200 https://registry.npmjs.org/@babel/helper-validator-option/-/helper-validator-option-7.29.7.tgz 8228ms (cache miss)
1239 http fetch GET 200 https://registry.npmjs.org/simple-update-notifier/-/simple-update-notifier-2.0.0.tgz 8409ms (cache miss)
1240 http fetch GET 200 https://registry.npmjs.org/env-paths/-/env-paths-2.2.1.tgz 8260ms (cache miss)
1241 http fetch GET 200 https://registry.npmjs.org/gopd/-/gopd-1.2.0.tgz 8441ms (cache miss)
1242 http fetch GET 200 https://registry.npmjs.org/brace-expansion/-/brace-expansion-1.1.18.tgz 8367ms (cache miss)
1243 http fetch GET 200 https://registry.npmjs.org/@babel/code-frame/-/code-frame-7.29.7.tgz 8376ms (cache miss)
1244 http fetch GET 200 https://registry.npmjs.org/minimatch/-/minimatch-3.1.5.tgz 8372ms (cache miss)
1245 http fetch GET 200 https://registry.npmjs.org/balanced-match/-/balanced-match-1.0.2.tgz 8375ms (cache miss)
1246 http fetch GET 200 https://registry.npmjs.org/sumchecker/-/sumchecker-3.0.1.tgz 8574ms (cache miss)
1247 http fetch GET 200 https://registry.npmjs.org/https-proxy-agent/-/https-proxy-agent-7.0.6.tgz 8512ms (cache miss)
1248 http fetch GET 200 https://registry.npmjs.org/yallist/-/yallist-4.0.0.tgz 8414ms (cache miss)
1249 http fetch GET 200 https://registry.npmjs.org/jsonfile/-/jsonfile-4.0.0.tgz 8408ms (cache miss)
1250 http fetch GET 200 https://registry.npmjs.org/brace-expansion/-/brace-expansion-2.1.4.tgz 8413ms (cache miss)
1251 http fetch GET 200 https://registry.npmjs.org/argparse/-/argparse-2.0.1.tgz 8509ms (cache miss)
1252 http fetch GET 200 https://registry.npmjs.org/yallist/-/yallist-5.0.0.tgz 8464ms (cache miss)
1253 http fetch GET 200 https://registry.npmjs.org/universalify/-/universalify-0.1.2.tgz 8456ms (cache miss)
1254 http fetch GET 200 https://registry.npmjs.org/lru-cache/-/lru-cache-6.0.0.tgz 8460ms (cache miss)
1255 http fetch GET 200 https://registry.npmjs.org/isexe/-/isexe-2.0.0.tgz 8451ms (cache miss)
1256 http fetch GET 200 https://registry.npmjs.org/which/-/which-2.0.2.tgz 8453ms (cache miss)
1257 http fetch GET 200 https://registry.npmjs.org/@babel/helper-string-parser/-/helper-string-parser-7.29.7.tgz 8484ms (cache miss)
1258 http fetch GET 200 https://registry.npmjs.org/unzipper/-/unzipper-0.12.5.tgz 8669ms (cache miss)
1259 http fetch GET 200 https://registry.npmjs.org/tslib/-/tslib-2.8.1.tgz 8665ms (cache miss)
1260 http fetch GET 200 https://registry.npmjs.org/clsx/-/clsx-2.1.1.tgz 8584ms (cache miss)
1261 http fetch GET 200 https://registry.npmjs.org/@vitejs/plugin-react/-/plugin-react-4.7.0.tgz 8574ms (cache miss)
1262 http fetch GET 200 https://registry.npmjs.org/env-paths/-/env-paths-2.2.1.tgz 8525ms (cache miss)
1263 http fetch GET 200 https://registry.npmjs.org/mimic-response/-/mimic-response-3.1.0.tgz 8544ms (cache miss)
1264 http fetch GET 200 https://registry.npmjs.org/use-sync-external-store/-/use-sync-external-store-1.6.0.tgz 8788ms (cache miss)
1265 http fetch GET 200 https://registry.npmjs.org/@sindresorhus/is/-/is-4.6.0.tgz 8626ms (cache miss)
1266 http fetch GET 200 https://registry.npmjs.org/brace-expansion/-/brace-expansion-1.1.18.tgz 8624ms (cache miss)
1267 http fetch GET 200 https://registry.npmjs.org/brace-expansion/-/brace-expansion-1.1.18.tgz 8596ms (cache miss)
1268 http fetch GET 200 https://registry.npmjs.org/universalify/-/universalify-0.1.2.tgz 8617ms (cache miss)
1269 http fetch GET 200 https://registry.npmjs.org/minimatch/-/minimatch-3.1.5.tgz 8631ms (cache miss)
1270 http fetch GET 200 https://registry.npmjs.org/balanced-match/-/balanced-match-1.0.2.tgz 8635ms (cache miss)
1271 http fetch GET 200 https://registry.npmjs.org/balanced-match/-/balanced-match-1.0.2.tgz 8592ms (cache miss)
1272 http fetch GET 200 https://registry.npmjs.org/minimatch/-/minimatch-5.1.9.tgz 8640ms (cache miss)
1273 http fetch GET 200 https://registry.npmjs.org/balanced-match/-/balanced-match-1.0.2.tgz 8633ms (cache miss)
1274 http fetch GET 200 https://registry.npmjs.org/balanced-match/-/balanced-match-1.0.2.tgz 8613ms (cache miss)
1275 http fetch GET 200 https://registry.npmjs.org/@malept/cross-spawn-promise/-/cross-spawn-promise-1.1.1.tgz 8633ms (cache miss)
1276 http fetch GET 200 https://registry.npmjs.org/universalify/-/universalify-2.0.1.tgz 8620ms (cache miss)
1277 http fetch GET 200 https://registry.npmjs.org/jsonfile/-/jsonfile-6.2.1.tgz 8620ms (cache miss)
1278 http fetch GET 200 https://registry.npmjs.org/which/-/which-6.0.1.tgz 8697ms (cache miss)
1279 http fetch GET 200 https://registry.npmjs.org/jsonfile/-/jsonfile-4.0.0.tgz 8669ms (cache miss)
1280 http fetch GET 200 https://registry.npmjs.org/brace-expansion/-/brace-expansion-2.1.4.tgz 8660ms (cache miss)
1281 http fetch GET 200 https://registry.npmjs.org/ci-info/-/ci-info-4.3.1.tgz 8676ms (cache miss)
1282 http fetch GET 200 https://registry.npmjs.org/ejs/-/ejs-3.1.10.tgz 8841ms (cache miss)
1283 http fetch GET 200 https://registry.npmjs.org/which/-/which-2.0.2.tgz 8742ms (cache miss)
1284 http fetch GET 200 https://registry.npmjs.org/isexe/-/isexe-2.0.0.tgz 8748ms (cache miss)
1285 http fetch GET 200 https://registry.npmjs.org/http2-wrapper/-/http2-wrapper-1.0.3.tgz 8900ms (cache miss)
1286 http fetch GET 200 https://registry.npmjs.org/eventemitter3/-/eventemitter3-5.0.4.tgz 8891ms (cache miss)
1287 http fetch GET 200 https://registry.npmjs.org/isbinaryfile/-/isbinaryfile-4.0.10.tgz 8778ms (cache miss)
1288 http fetch GET 200 https://registry.npmjs.org/scheduler/-/scheduler-0.23.2.tgz 9043ms (cache miss)
1289 http fetch GET 200 https://registry.npmjs.org/@peculiar/webcrypto/-/webcrypto-1.7.1.tgz 8898ms (cache miss)
1290 http fetch GET 200 https://registry.npmjs.org/minimatch/-/minimatch-3.1.5.tgz 8825ms (cache miss)
1291 http fetch GET 200 https://registry.npmjs.org/baseline-browser-mapping/-/baseline-browser-mapping-2.11.21.tgz 8934ms (cache miss)
1292 http fetch GET 200 https://registry.npmjs.org/asn1js/-/asn1js-3.0.10.tgz 8932ms (cache miss)
1293 http fetch GET 200 https://registry.npmjs.org/@jridgewell/resolve-uri/-/resolve-uri-3.1.2.tgz 8920ms (cache miss)
1294 http fetch GET 200 https://registry.npmjs.org/dotenv/-/dotenv-16.6.1.tgz 8994ms (cache miss)
1295 http fetch GET 200 https://registry.npmjs.org/semver/-/semver-5.7.2.tgz 8949ms (cache miss)
1296 http fetch GET 200 https://registry.npmjs.org/source-map-js/-/source-map-js-1.2.1.tgz 9192ms (cache miss)
1297 http fetch GET 200 https://registry.npmjs.org/browserslist/-/browserslist-4.28.9.tgz 9090ms (cache miss)
1298 http fetch GET 200 https://registry.npmjs.org/decimal.js-light/-/decimal.js-light-2.5.1.tgz 9129ms (cache miss)
1299 http fetch GET 200 https://registry.npmjs.org/semver/-/semver-6.3.1.tgz 9113ms (cache miss)
1300 http fetch GET 200 https://registry.npmjs.org/magic-string/-/magic-string-0.30.21.tgz 9279ms (cache miss)
1301 http fetch GET 200 https://registry.npmjs.org/agent-base/-/agent-base-7.1.4.tgz 9208ms (cache miss)
1302 http fetch GET 200 https://registry.npmjs.org/electron-to-chromium/-/electron-to-chromium-1.5.425.tgz 9283ms (cache miss)
1303 http fetch GET 200 https://registry.npmjs.org/globalthis/-/globalthis-1.0.4.tgz 9314ms (cache miss)
1304 http fetch GET 200 https://registry.npmjs.org/@tailwindcss/node/-/node-4.3.3.tgz 9359ms (cache miss)
1305 http fetch GET 200 https://registry.npmjs.org/minipass/-/minipass-7.1.3.tgz 9559ms (cache miss)
1306 http fetch GET 200 https://registry.npmjs.org/@babel/helper-module-imports/-/helper-module-imports-7.29.7.tgz 9638ms (cache miss)
1307 http fetch GET 200 https://registry.npmjs.org/tapable/-/tapable-2.3.3.tgz 9948ms (cache miss)
1308 http fetch GET 200 https://registry.npmjs.org/@xmldom/xmldom/-/xmldom-0.8.15.tgz 9863ms (cache miss)
1309 http fetch GET 200 https://registry.npmjs.org/lightningcss/-/lightningcss-1.32.0.tgz 9952ms (cache miss)
1310 http fetch GET 200 https://registry.npmjs.org/minizlib/-/minizlib-3.1.0.tgz 10006ms (cache miss)
1311 http fetch GET 200 https://registry.npmjs.org/react/-/react-18.3.1.tgz 10075ms (cache miss)
1312 http fetch GET 200 https://registry.npmjs.org/@isaacs/fs-minipass/-/fs-minipass-4.0.1.tgz 9959ms (cache miss)
1313 http fetch GET 200 https://registry.npmjs.org/dmg-builder/-/dmg-builder-26.15.3.tgz 10027ms (cache miss)
1314 http fetch GET 200 https://registry.npmjs.org/readable-stream/-/readable-stream-2.3.8.tgz 10145ms (cache miss)
1315 warn deprecated boolean@3.2.0: Package no longer supported. Contact Support at https://www.npmjs.com/support for more info.
1316 http fetch GET 200 https://registry.npmjs.org/json5/-/json5-2.2.3.tgz 10222ms (cache miss)
1317 http fetch GET 200 https://registry.npmjs.org/minimist/-/minimist-1.2.8.tgz 10295ms (cache miss)
1318 http fetch GET 200 https://registry.npmjs.org/asynckit/-/asynckit-0.4.0.tgz 10230ms (cache miss)
1319 http fetch GET 200 https://registry.npmjs.org/@electron/fuses/-/fuses-2.1.3.tgz 10203ms (cache miss)
1320 http fetch GET 200 https://registry.npmjs.org/commander/-/commander-9.5.0.tgz 10217ms (cache miss)
1321 http fetch GET 200 https://registry.npmjs.org/@babel/compat-data/-/compat-data-7.29.7.tgz 10225ms (cache miss)
1322 http fetch GET 200 https://registry.npmjs.org/plist/-/plist-3.1.0.tgz 10376ms (cache miss)
1323 http fetch GET 200 https://registry.npmjs.org/cross-spawn-windows-exe/-/cross-spawn-windows-exe-1.2.0.tgz 10341ms (cache miss)
1324 http fetch GET 200 https://registry.npmjs.org/@babel/helper-compilation-targets/-/helper-compilation-targets-7.29.7.tgz 10429ms (cache miss)
1325 http fetch GET 200 https://registry.npmjs.org/@electron/fuses/-/fuses-1.8.0.tgz 10502ms (cache miss)
1326 http fetch GET 200 https://registry.npmjs.org/csstype/-/csstype-3.2.3.tgz 10611ms (cache miss)
1327 http fetch GET 200 https://registry.npmjs.org/@types/react/-/react-18.3.31.tgz 10591ms (cache miss)
1328 http fetch GET 200 https://registry.npmjs.org/@babel/template/-/template-7.29.7.tgz 10574ms (cache miss)
1329 http fetch GET 200 https://registry.npmjs.org/@babel/helper-module-transforms/-/helper-module-transforms-7.29.7.tgz 10580ms (cache miss)
1330 http fetch GET 200 https://registry.npmjs.org/type-fest/-/type-fest-0.13.1.tgz 10865ms (cache miss)
1331 http fetch GET 200 https://registry.npmjs.org/roarr/-/roarr-2.15.4.tgz 11045ms (cache miss)
1332 http fetch GET 200 https://registry.npmjs.org/electron/-/electron-42.7.1.tgz 10996ms (cache miss)
1333 http fetch GET 200 https://registry.npmjs.org/bytestreamjs/-/bytestreamjs-2.0.1.tgz 11101ms (cache miss)
1334 http fetch GET 200 https://registry.npmjs.org/source-map/-/source-map-0.6.1.tgz 11225ms (cache miss)
1335 http fetch GET 200 https://registry.npmjs.org/redux/-/redux-5.0.1.tgz 11235ms (cache miss)
1336 http fetch GET 200 https://registry.npmjs.org/electron-builder/-/electron-builder-26.15.3.tgz 11355ms (cache miss)
1337 http fetch GET 200 https://registry.npmjs.org/d3-scale/-/d3-scale-4.0.2.tgz 11411ms (cache miss)
1338 http fetch GET 200 https://registry.npmjs.org/pkijs/-/pkijs-3.4.0.tgz 11529ms (cache miss)
1339 http fetch GET 200 https://registry.npmjs.org/d3-interpolate/-/d3-interpolate-3.0.1.tgz 11456ms (cache miss)
1340 http fetch GET 200 https://registry.npmjs.org/undici-types/-/undici-types-6.21.0.tgz 11708ms (cache miss)
1341 http fetch GET 200 https://registry.npmjs.org/fs-extra/-/fs-extra-10.1.0.tgz 11744ms (cache miss)
1342 http fetch GET 200 https://registry.npmjs.org/pngjs/-/pngjs-7.0.0.tgz 11800ms (cache miss)
1343 http fetch GET 200 https://registry.npmjs.org/@electron/asar/-/asar-3.4.1.tgz 11701ms (cache miss)
1344 http fetch GET 200 https://registry.npmjs.org/@electron/get/-/get-5.1.0.tgz 11763ms (cache miss)
1345 http fetch GET 200 https://registry.npmjs.org/@jridgewell/gen-mapping/-/gen-mapping-0.3.13.tgz 11826ms (cache miss)
1346 http fetch GET 200 https://registry.npmjs.org/@jridgewell/sourcemap-codec/-/sourcemap-codec-1.6.0.tgz 11861ms (cache miss)
1347 http fetch GET 200 https://registry.npmjs.org/motion/-/motion-12.43.0.tgz 12082ms (cache miss)
1348 http fetch GET 200 https://registry.npmjs.org/isexe/-/isexe-3.1.5.tgz 12085ms (cache miss)
1349 http fetch GET 200 https://registry.npmjs.org/fs-extra/-/fs-extra-11.3.1.tgz 12286ms (cache miss)
1350 http fetch GET 200 https://registry.npmjs.org/jiti/-/jiti-2.7.0.tgz 12459ms (cache miss)
1351 http fetch GET 200 https://registry.npmjs.org/tailwindcss/-/tailwindcss-4.3.3.tgz 12532ms (cache miss)
1352 http fetch GET 200 https://registry.npmjs.org/jake/-/jake-10.9.4.tgz 12472ms (cache miss)
1353 http fetch GET 200 https://registry.npmjs.org/rcedit/-/rcedit-5.0.2.tgz 12529ms (cache miss)
1354 warn deprecated rcedit@5.0.2: Package no longer supported. Contact Support at https://www.npmjs.com/support for more info.
1355 http fetch GET 200 https://registry.npmjs.org/reselect/-/reselect-5.2.0.tgz 12704ms (cache miss)
1356 http fetch GET 200 https://registry.npmjs.org/fs-extra/-/fs-extra-11.4.0.tgz 12515ms (cache miss)
1357 http fetch GET 200 https://registry.npmjs.org/d3-time-format/-/d3-time-format-4.1.0.tgz 12633ms (cache miss)
1358 http fetch GET 200 https://registry.npmjs.org/builder-util/-/builder-util-26.15.3.tgz 12640ms (cache miss)
1359 http fetch GET 200 https://registry.npmjs.org/fs-extra/-/fs-extra-11.4.0.tgz 12558ms (cache miss)
1360 http fetch GET 200 https://registry.npmjs.org/@rollup/rollup-win32-x64-gnu/-/rollup-win32-x64-gnu-4.63.1.tgz 12677ms (cache miss)
1361 http fetch GET 200 https://registry.npmjs.org/tailwind-merge/-/tailwind-merge-3.6.0.tgz 12870ms (cache miss)
1362 http fetch GET 200 https://registry.npmjs.org/@babel/parser/-/parser-7.29.8.tgz 12749ms (cache miss)
1363 http fetch GET 200 https://registry.npmjs.org/fs-extra/-/fs-extra-7.0.1.tgz 12732ms (cache miss)
1364 http fetch GET 200 https://registry.npmjs.org/fs-extra/-/fs-extra-9.1.0.tgz 12727ms (cache miss)
1365 http fetch GET 200 https://registry.npmjs.org/fast-uri/-/fast-uri-3.1.7.tgz 12874ms (cache miss)
1366 http fetch GET 200 https://registry.npmjs.org/fs-extra/-/fs-extra-9.1.0.tgz 12752ms (cache miss)
1367 http fetch GET 200 https://registry.npmjs.org/fs-extra/-/fs-extra-9.1.0.tgz 12747ms (cache miss)
1368 http fetch GET 200 https://registry.npmjs.org/isexe/-/isexe-4.0.0.tgz 12802ms (cache miss)
1369 http fetch GET 200 https://registry.npmjs.org/builder-util-runtime/-/builder-util-runtime-9.7.0.tgz 12906ms (cache miss)
1370 http fetch GET 200 https://registry.npmjs.org/js-yaml/-/js-yaml-4.3.2.tgz 12984ms (cache miss)
1371 http fetch GET 200 https://registry.npmjs.org/@electron/universal/-/universal-2.0.3.tgz 12911ms (cache miss)
1372 http fetch GET 200 https://registry.npmjs.org/fs-extra/-/fs-extra-8.1.0.tgz 12914ms (cache miss)
1373 http fetch GET 200 https://registry.npmjs.org/immer/-/immer-11.1.18.tgz 13066ms (cache miss)
1374 http fetch GET 200 https://registry.npmjs.org/exponential-backoff/-/exponential-backoff-3.1.3.tgz 13069ms (cache miss)
1375 http fetch GET 200 https://registry.npmjs.org/postcss/-/postcss-8.5.28.tgz 13193ms (cache miss)
1376 http fetch GET 200 https://registry.npmjs.org/undici-types/-/undici-types-7.18.2.tgz 13040ms (cache miss)
1377 http fetch GET 200 https://registry.npmjs.org/got/-/got-11.8.6.tgz 13216ms (cache miss)
1378 http fetch GET 200 https://registry.npmjs.org/@rollup/rollup-win32-x64-msvc/-/rollup-win32-x64-msvc-4.63.1.tgz 13204ms (cache miss)
1379 http fetch GET 200 https://registry.npmjs.org/xmlbuilder/-/xmlbuilder-15.1.1.tgz 13375ms (cache miss)
1380 http fetch GET 200 https://registry.npmjs.org/electron-publish/-/electron-publish-26.15.3.tgz 13323ms (cache miss)
1381 http fetch GET 200 https://registry.npmjs.org/minimatch/-/minimatch-10.2.6.tgz 13415ms (cache miss)
1382 http fetch GET 200 https://registry.npmjs.org/bluebird/-/bluebird-3.7.2.tgz 13355ms (cache miss)
1383 http fetch GET 200 https://registry.npmjs.org/@jridgewell/trace-mapping/-/trace-mapping-0.3.31.tgz 13336ms (cache miss)
1384 http fetch GET 200 https://registry.npmjs.org/@babel/generator/-/generator-7.29.8.tgz 13544ms (cache miss)
1385 http fetch GET 200 https://registry.npmjs.org/semver/-/semver-7.8.5.tgz 13545ms (cache miss)
1386 http fetch GET 200 https://registry.npmjs.org/semver/-/semver-7.8.5.tgz 13544ms (cache miss)
1387 http fetch GET 200 https://registry.npmjs.org/semver/-/semver-7.8.5.tgz 13549ms (cache miss)
1388 http fetch GET 200 https://registry.npmjs.org/semver/-/semver-7.7.4.tgz 13537ms (cache miss)
1389 http fetch GET 200 https://registry.npmjs.org/semver/-/semver-7.8.5.tgz 13563ms (cache miss)
1390 http fetch GET 200 https://registry.npmjs.org/semver/-/semver-7.8.5.tgz 13563ms (cache miss)
1391 http fetch GET 200 https://registry.npmjs.org/semver/-/semver-7.8.5.tgz 13593ms (cache miss)
1392 http fetch GET 200 https://registry.npmjs.org/@electron/windows-sign/-/windows-sign-1.2.2.tgz 13655ms (cache miss)
1393 http fetch GET 200 https://registry.npmjs.org/react-redux/-/react-redux-9.3.0.tgz 13856ms (cache miss)
1394 http fetch GET 200 https://registry.npmjs.org/enhanced-resolve/-/enhanced-resolve-5.24.5.tgz 13787ms (cache miss)
1395 http fetch GET 200 https://registry.npmjs.org/@tailwindcss/oxide-win32-x64-msvc/-/oxide-win32-x64-msvc-4.3.3.tgz 13812ms (cache miss)
1396 http fetch GET 200 https://registry.npmjs.org/yargs/-/yargs-17.7.3.tgz 13983ms (cache miss)
1397 http fetch GET 200 https://registry.npmjs.org/motion-utils/-/motion-utils-12.39.0.tgz 13920ms (cache miss)
1398 http fetch GET 200 https://registry.npmjs.org/@peculiar/asn1-schema/-/asn1-schema-2.9.4.tgz 13863ms (cache miss)
1399 http fetch GET 200 https://registry.npmjs.org/@electron/get/-/get-3.1.0.tgz 13821ms (cache miss)
1400 http fetch GET 200 https://registry.npmjs.org/d3-array/-/d3-array-3.2.4.tgz 13975ms (cache miss)
1401 http fetch GET 200 https://registry.npmjs.org/minimatch/-/minimatch-9.0.9.tgz 13875ms (cache miss)
1402 http fetch GET 200 https://registry.npmjs.org/@electron/osx-sign/-/osx-sign-1.3.3.tgz 13953ms (cache miss)
1403 http fetch GET 200 https://registry.npmjs.org/d3-shape/-/d3-shape-3.2.0.tgz 14012ms (cache miss)
1404 http fetch GET 200 https://registry.npmjs.org/rollup/-/rollup-4.63.1.tgz 14189ms (cache miss)
1405 http fetch GET 200 https://registry.npmjs.org/@noble/hashes/-/hashes-2.4.0.tgz 14063ms (cache miss)
1406 http fetch GET 200 https://registry.npmjs.org/global-agent/-/global-agent-3.0.0.tgz 14377ms (cache miss)
1407 http fetch GET 200 https://registry.npmjs.org/d3-format/-/d3-format-3.1.2.tgz 14435ms (cache miss)
1408 http fetch GET 200 https://registry.npmjs.org/@babel/traverse/-/traverse-7.29.8.tgz 14440ms (cache miss)
1409 http fetch GET 200 https://registry.npmjs.org/@electron/rebuild/-/rebuild-4.2.0.tgz 14479ms (cache miss)
1410 http fetch GET 200 https://registry.npmjs.org/postject/-/postject-1.0.0-alpha.6.tgz 14679ms (cache miss)
1411 http fetch GET 200 https://registry.npmjs.org/vite/-/vite-6.4.3.tgz 14742ms (cache miss)
1412 http fetch GET 200 https://registry.npmjs.org/pe-library/-/pe-library-0.4.1.tgz 14721ms (cache miss)
1413 http fetch GET 200 https://registry.npmjs.org/@peculiar/utils/-/utils-2.0.3.tgz 15174ms (cache miss)
1414 http fetch GET 200 https://registry.npmjs.org/react-dom/-/react-dom-18.3.1.tgz 15361ms (cache miss)
1415 http fetch GET 200 https://registry.npmjs.org/@types/node/-/node-22.20.2.tgz 15484ms (cache miss)
1416 http fetch GET 200 https://registry.npmjs.org/@types/node/-/node-24.13.4.tgz 15601ms (cache miss)
1417 http fetch GET 200 https://registry.npmjs.org/node-gyp/-/node-gyp-12.4.0.tgz 16083ms (cache miss)
1418 http fetch GET 200 https://registry.npmjs.org/@electron-internal/extract-zip/-/extract-zip-1.0.5.tgz 15977ms (cache miss)
1419 http fetch GET 200 https://registry.npmjs.org/dir-compare/-/dir-compare-4.2.0.tgz 16200ms (cache miss)
1420 http fetch GET 200 https://registry.npmjs.org/@babel/core/-/core-7.29.7.tgz 16244ms (cache miss)
1421 http fetch GET 200 https://registry.npmjs.org/async/-/async-3.2.6.tgz 16323ms (cache miss)
1422 http fetch GET 200 https://registry.npmjs.org/resedit/-/resedit-1.7.2.tgz 16524ms (cache miss)
1423 http fetch GET 200 https://registry.npmjs.org/lightningcss-win32-x64-msvc/-/lightningcss-win32-x64-msvc-1.32.0.tgz 16644ms (cache miss)
1424 http fetch GET 200 https://registry.npmjs.org/@noble/hashes/-/hashes-1.4.0.tgz 16528ms (cache miss)
1425 http fetch GET 200 https://registry.npmjs.org/@esbuild/win32-x64/-/win32-x64-0.25.12.tgz 16999ms (cache miss)
1426 http fetch GET 200 https://registry.npmjs.org/undici/-/undici-6.28.1.tgz 17386ms (cache miss)
1427 http fetch GET 200 https://registry.npmjs.org/@babel/types/-/types-7.29.8.tgz 17775ms (cache miss)
1428 http fetch GET 200 https://registry.npmjs.org/undici/-/undici-7.29.1.tgz 18062ms (cache miss)
1429 http fetch GET 200 https://registry.npmjs.org/@babel/helpers/-/helpers-7.29.7.tgz 18172ms (cache miss)
1430 http fetch GET 200 https://registry.npmjs.org/tar/-/tar-7.5.22.tgz 18642ms (cache miss)
1431 http fetch GET 200 https://registry.npmjs.org/gsap/-/gsap-3.15.0.tgz 18600ms (cache miss)
1432 http fetch GET 200 https://registry.npmjs.org/@reduxjs/toolkit/-/toolkit-2.12.0.tgz 18656ms (cache miss)
1433 http fetch GET 200 https://registry.npmjs.org/victory-vendor/-/victory-vendor-37.3.6.tgz 18984ms (cache miss)
1434 http fetch GET 200 https://registry.npmjs.org/framer-motion/-/framer-motion-12.43.0.tgz 20751ms (cache miss)
1435 http fetch GET 200 https://registry.npmjs.org/ajv/-/ajv-8.20.0.tgz 20745ms (cache miss)
1436 http fetch GET 200 https://registry.npmjs.org/typescript/-/typescript-5.7.3.tgz 20908ms (cache miss)
1437 http fetch GET 200 https://registry.npmjs.org/electron-winstaller/-/electron-winstaller-5.4.0.tgz 20835ms (cache miss)
1438 http fetch GET 200 https://registry.npmjs.org/motion-dom/-/motion-dom-12.43.0.tgz 21204ms (cache miss)
1439 http fetch GET 200 https://registry.npmjs.org/app-builder-lib/-/app-builder-lib-26.15.3.tgz 21280ms (cache miss)
1440 http fetch GET 200 https://registry.npmjs.org/caniuse-lite/-/caniuse-lite-1.0.30001810.tgz 22635ms (cache miss)
1441 http fetch GET 200 https://registry.npmjs.org/recharts/-/recharts-3.10.1.tgz 23341ms (cache miss)
1442 http fetch GET 200 https://registry.npmjs.org/lodash/-/lodash-4.18.1.tgz 23434ms (cache miss)
1443 http fetch GET 200 https://registry.npmjs.org/lucide-react/-/lucide-react-0.468.0.tgz 32337ms (cache miss)
1444 http fetch GET 200 https://registry.npmjs.org/es-toolkit/-/es-toolkit-1.52.0.tgz 34933ms (cache miss)
1445 info run electron-winstaller@5.4.0 install node_modules/electron-winstaller node ./script/select-7z-arch.js
1446 info run electron-winstaller@5.4.0 install { code: 0, signal: null }
1447 info run esbuild@0.25.12 postinstall node_modules/esbuild node install.js
1448 info run esbuild@0.25.12 postinstall { code: 0, signal: null }
1449 silly ADD node_modules/yocto-queue
1450 silly ADD node_modules/yargs-parser
1451 silly ADD node_modules/yargs
1452 silly ADD node_modules/yallist
1453 silly ADD node_modules/y18n
1454 silly ADD node_modules/xmlbuilder
1455 silly ADD node_modules/wrappy
1456 silly ADD node_modules/wrap-ansi
1457 silly ADD node_modules/which
1458 silly ADD node_modules/webcrypto-core
1459 silly ADD node_modules/vite
1460 silly ADD node_modules/victory-vendor
1461 silly ADD node_modules/util-deprecate
1462 silly ADD node_modules/utf8-byte-length
1463 silly ADD node_modules/use-sync-external-store
1464 silly ADD node_modules/update-browserslist-db
1465 silly ADD node_modules/unzipper
1466 silly ADD node_modules/unzipper/node_modules/fs-extra
1467 silly ADD node_modules/universalify
1468 silly ADD node_modules/undici-types
1469 silly ADD node_modules/undici
1470 silly ADD node_modules/typescript
1471 silly ADD node_modules/type-fest
1472 silly ADD node_modules/tslib
1473 silly ADD node_modules/truncate-utf8-bytes
1474 silly ADD node_modules/tmp-promise
1475 silly ADD node_modules/tmp
1476 silly ADD node_modules/tinyglobby
1477 silly ADD node_modules/tiny-invariant
1478 silly ADD node_modules/tiny-async-pool
1479 silly ADD node_modules/tiny-async-pool/node_modules/semver
1480 silly ADD node_modules/temp-file
1481 silly ADD node_modules/temp
1482 silly ADD node_modules/tar
1483 silly ADD node_modules/tar/node_modules/yallist
1484 silly ADD node_modules/tapable
1485 silly ADD node_modules/tailwindcss
1486 silly ADD node_modules/tailwind-merge
1487 silly ADD node_modules/supports-color
1488 silly ADD node_modules/sumchecker
1489 silly ADD node_modules/strip-ansi
1490 silly ADD node_modules/string-width
1491 silly ADD node_modules/string_decoder
1492 silly ADD node_modules/stat-mode
1493 silly ADD node_modules/sprintf-js
1494 silly ADD node_modules/source-map-support
1495 silly ADD node_modules/source-map-js
1496 silly ADD node_modules/source-map
1497 silly ADD node_modules/simple-update-notifier
1498 silly ADD node_modules/simple-update-notifier/node_modules/semver
1499 silly ADD node_modules/signal-exit
1500 silly ADD node_modules/shebang-regex
1501 silly ADD node_modules/shebang-command
1502 silly ADD node_modules/serialize-error
1503 silly ADD node_modules/semver-compare
1504 silly ADD node_modules/semver
1505 silly ADD node_modules/scheduler
1506 silly ADD node_modules/sax
1507 silly ADD node_modules/sanitize-filename
1508 silly ADD node_modules/safe-buffer
1509 silly ADD node_modules/rollup
1510 silly ADD node_modules/roarr
1511 silly ADD node_modules/rimraf
1512 silly ADD node_modules/retry
1513 silly ADD node_modules/responselike
1514 silly ADD node_modules/resolve-alpn
1515 silly ADD node_modules/reselect
1516 silly ADD node_modules/resedit
1517 silly ADD node_modules/require-from-string
1518 silly ADD node_modules/require-directory
1519 silly ADD node_modules/redux-thunk
1520 silly ADD node_modules/redux
1521 silly ADD node_modules/recharts
1522 silly ADD node_modules/readable-stream
1523 silly ADD node_modules/read-binary-file-arch
1524 silly ADD node_modules/react-refresh
1525 silly ADD node_modules/react-redux
1526 silly ADD node_modules/react-is
1527 silly ADD node_modules/react-dom
1528 silly ADD node_modules/react
1529 silly ADD node_modules/rcedit
1530 silly ADD node_modules/quick-lru
1531 silly ADD node_modules/pvutils
1532 silly ADD node_modules/pvtsutils
1533 silly ADD node_modules/pump
1534 silly ADD node_modules/proper-lockfile
1535 silly ADD node_modules/promise-retry
1536 silly ADD node_modules/progress
1537 silly ADD node_modules/process-nextick-args
1538 silly ADD node_modules/proc-log
1539 silly ADD node_modules/postject
1540 silly ADD node_modules/postject/node_modules/commander
1541 silly ADD node_modules/postcss
1542 silly ADD node_modules/pngjs
1543 silly ADD node_modules/png-to-ico
1544 silly ADD node_modules/plist
1545 silly ADD node_modules/pkijs
1546 silly ADD node_modules/pkijs/node_modules/@noble/hashes
1547 silly ADD node_modules/picomatch
1548 silly ADD node_modules/picocolors
1549 silly ADD node_modules/pe-library
1550 silly ADD node_modules/path-key
1551 silly ADD node_modules/path-is-absolute
1552 silly ADD node_modules/p-limit
1553 silly ADD node_modules/p-cancelable
1554 silly ADD node_modules/once
1555 silly ADD node_modules/object-keys
1556 silly ADD node_modules/normalize-url
1557 silly ADD node_modules/nopt
1558 silly ADD node_modules/node-releases
1559 silly ADD node_modules/node-int64
1560 silly ADD node_modules/node-gyp
1561 silly ADD node_modules/node-gyp/node_modules/which
1562 silly ADD node_modules/node-gyp/node_modules/undici
1563 silly ADD node_modules/node-gyp/node_modules/semver
1564 silly ADD node_modules/node-gyp/node_modules/isexe
1565 silly ADD node_modules/node-gyp/node_modules/env-paths
1566 silly ADD node_modules/node-api-version
1567 silly ADD node_modules/node-api-version/node_modules/semver
1568 silly ADD node_modules/node-abi
1569 silly ADD node_modules/node-abi/node_modules/semver
1570 silly ADD node_modules/nanoid
1571 silly ADD node_modules/ms
1572 silly ADD node_modules/motion-utils
1573 silly ADD node_modules/motion-dom
1574 silly ADD node_modules/motion
1575 silly ADD node_modules/mkdirp
1576 silly ADD node_modules/minizlib
1577 silly ADD node_modules/minipass
1578 silly ADD node_modules/minimist
1579 silly ADD node_modules/minimatch
1580 silly ADD node_modules/mimic-response
1581 silly ADD node_modules/mime-types
1582 silly ADD node_modules/mime-db
1583 silly ADD node_modules/mime
1584 silly ADD node_modules/math-intrinsics
1585 silly ADD node_modules/matcher
1586 silly ADD node_modules/magic-string
1587 silly ADD node_modules/lucide-react
1588 silly ADD node_modules/lru-cache
1589 silly ADD node_modules/lowercase-keys
1590 silly ADD node_modules/loose-envify
1591 silly ADD node_modules/lodash
1592 silly ADD node_modules/lightningcss-win32-x64-msvc
1593 silly ADD
1594 silly ADD
1595 silly ADD
1596 silly ADD
1597 silly ADD
1598 silly ADD
1599 silly ADD
1600 silly ADD
1601 silly ADD
1602 silly ADD
1603 silly ADD node_modules/lightningcss
1604 silly ADD node_modules/lazy-val
1605 silly ADD node_modules/keyv
1606 silly ADD node_modules/jsonfile
1607 silly ADD node_modules/json5
1608 silly ADD node_modules/json-stringify-safe
1609 silly ADD node_modules/json-schema-traverse
1610 silly ADD node_modules/json-buffer
1611 silly ADD node_modules/jsesc
1612 silly ADD node_modules/js-yaml
1613 silly ADD node_modules/js-tokens
1614 silly ADD node_modules/jiti
1615 silly ADD node_modules/jake
1616 silly ADD node_modules/isexe
1617 silly ADD node_modules/isbinaryfile
1618 silly ADD node_modules/isarray
1619 silly ADD node_modules/is-wsl
1620 silly ADD node_modules/is-fullwidth-code-point
1621 silly ADD node_modules/is-docker
1622 silly ADD node_modules/internmap
1623 silly ADD node_modules/inherits
1624 silly ADD node_modules/inflight
1625 silly ADD node_modules/immer
1626 silly ADD node_modules/https-proxy-agent
1627 silly ADD node_modules/http2-wrapper
1628 silly ADD node_modules/http-proxy-agent
1629 silly ADD node_modules/http-cache-semantics
1630 silly ADD node_modules/hosted-git-info
1631 silly ADD node_modules/hosted-git-info/node_modules/yallist
1632 silly ADD node_modules/hosted-git-info/node_modules/lru-cache
1633 silly ADD node_modules/hasown
1634 silly ADD node_modules/has-tostringtag
1635 silly ADD node_modules/has-symbols
1636 silly ADD node_modules/has-property-descriptors
1637 silly ADD node_modules/has-flag
1638 silly ADD node_modules/gsap
1639 silly ADD node_modules/graceful-fs
1640 silly ADD node_modules/got
1641 silly ADD node_modules/gopd
1642 silly ADD node_modules/globalthis
1643 silly ADD node_modules/global-agent
1644 silly ADD node_modules/global-agent/node_modules/semver
1645 silly ADD node_modules/glob
1646 silly ADD node_modules/glob/node_modules/minimatch
1647 silly ADD node_modules/glob/node_modules/brace-expansion
1648 silly ADD node_modules/glob/node_modules/balanced-match
1649 silly ADD node_modules/get-stream
1650 silly ADD node_modules/get-proto
1651 silly ADD node_modules/get-intrinsic
1652 silly ADD node_modules/get-caller-file
1653 silly ADD node_modules/gensync
1654 silly ADD node_modules/function-bind
1655 silly ADD
1656 silly ADD node_modules/fs.realpath
1657 silly ADD node_modules/fs-extra
1658 silly ADD node_modules/framer-motion
1659 silly ADD node_modules/form-data
1660 silly ADD node_modules/filelist
1661 silly ADD node_modules/filelist/node_modules/minimatch
1662 silly ADD node_modules/filelist/node_modules/brace-expansion
1663 silly ADD node_modules/filelist/node_modules/balanced-match
1664 silly ADD node_modules/fdir
1665 silly ADD node_modules/fast-uri
1666 silly ADD node_modules/fast-deep-equal
1667 silly ADD node_modules/exponential-backoff
1668 silly ADD node_modules/eventemitter3
1669 silly ADD node_modules/escape-string-regexp
1670 silly ADD node_modules/escalade
1671 silly ADD node_modules/esbuild
1672 silly ADD node_modules/es6-error
1673 silly ADD node_modules/es-toolkit
1674 silly ADD node_modules/es-set-tostringtag
1675 silly ADD node_modules/es-object-atoms
1676 silly ADD node_modules/es-errors
1677 silly ADD node_modules/es-define-property
1678 silly ADD node_modules/err-code
1679 silly ADD node_modules/env-paths
1680 silly ADD node_modules/enhanced-resolve
1681 silly ADD node_modules/end-of-stream
1682 silly ADD node_modules/emoji-regex
1683 silly ADD node_modules/electron-winstaller
1684 silly ADD node_modules/electron-winstaller/node_modules/universalify
1685 silly ADD node_modules/electron-winstaller/node_modules/jsonfile
1686 silly ADD node_modules/electron-winstaller/node_modules/fs-extra
1687 silly ADD node_modules/electron-to-chromium
1688 silly ADD node_modules/electron-publish
1689 silly ADD node_modules/electron-builder-squirrel-windows
1690 silly ADD node_modules/electron-builder
1691 silly ADD node_modules/electron
1692 silly ADD node_modules/electron/node_modules/undici-types
1693 silly ADD node_modules/electron/node_modules/@types/node
1694 silly ADD node_modules/ejs
1695 silly ADD node_modules/duplexer2
1696 silly ADD node_modules/dunder-proto
1697 silly ADD node_modules/dotenv-expand
1698 silly ADD node_modules/dotenv
1699 silly ADD node_modules/dmg-builder
1700 silly ADD node_modules/dir-compare
1701 silly ADD node_modules/dir-compare/node_modules/minimatch
1702 silly ADD node_modules/dir-compare/node_modules/brace-expansion
1703 silly ADD node_modules/dir-compare/node_modules/balanced-match
1704 silly ADD node_modules/detect-node
1705 silly ADD node_modules/detect-libc
1706 silly ADD node_modules/delayed-stream
1707 silly ADD node_modules/define-properties
1708 silly ADD node_modules/define-data-property
1709 silly ADD node_modules/defer-to-connect
1710 silly ADD node_modules/decompress-response
1711 silly ADD node_modules/decompress-response/node_modules/mimic-response
1712 silly ADD node_modules/decimal.js-light
1713 silly ADD node_modules/debug
1714 silly ADD node_modules/d3-timer
1715 silly ADD node_modules/d3-time-format
1716 silly ADD node_modules/d3-time
1717 silly ADD node_modules/d3-shape
1718 silly ADD node_modules/d3-scale
1719 silly ADD node_modules/d3-path
1720 silly ADD node_modules/d3-interpolate
1721 silly ADD node_modules/d3-format
1722 silly ADD node_modules/d3-ease
1723 silly ADD node_modules/d3-color
1724 silly ADD node_modules/d3-array
1725 silly ADD node_modules/csstype
1726 silly ADD node_modules/cross-spawn-windows-exe
1727 silly ADD node_modules/cross-spawn-windows-exe/node_modules/which
1728 silly ADD node_modules/cross-spawn-windows-exe/node_modules/isexe
1729 silly ADD node_modules/cross-spawn-windows-exe/node_modules/@malept/cross-spawn-promise
1730 silly ADD node_modules/cross-spawn
1731 silly ADD node_modules/cross-spawn/node_modules/which
1732 silly ADD node_modules/cross-spawn/node_modules/isexe
1733 silly ADD node_modules/cross-dirname
1734 silly ADD node_modules/core-util-is
1735 silly ADD node_modules/convert-source-map
1736 silly ADD node_modules/concat-map
1737 silly ADD node_modules/compare-version
1738 silly ADD node_modules/commander
1739 silly ADD node_modules/combined-stream
1740 silly ADD node_modules/color-name
1741 silly ADD node_modules/color-convert
1742 silly ADD node_modules/clsx
1743 silly ADD node_modules/clone-response
1744 silly ADD node_modules/cliui
1745 silly ADD node_modules/ci-info
1746 silly ADD node_modules/chromium-pickle-js
1747 silly ADD node_modules/chownr
1748 silly ADD node_modules/chalk
1749 silly ADD node_modules/caniuse-lite
1750 silly ADD node_modules/call-bind-apply-helpers
1751 silly ADD node_modules/cacheable-request
1752 silly ADD node_modules/cacheable-lookup
1753 silly ADD node_modules/bytestreamjs
1754 silly ADD node_modules/builder-util-runtime
1755 silly ADD node_modules/builder-util
1756 silly ADD node_modules/buffer-from
1757 silly ADD node_modules/browserslist
1758 silly ADD node_modules/brace-expansion
1759 silly ADD node_modules/boolean
1760 silly ADD node_modules/bluebird
1761 silly ADD node_modules/baseline-browser-mapping
1762 silly ADD node_modules/base64-js
1763 silly ADD node_modules/balanced-match
1764 silly ADD node_modules/aws4
1765 silly ADD node_modules/at-least-node
1766 silly ADD node_modules/asynckit
1767 silly ADD node_modules/async-exit-hook
1768 silly ADD node_modules/async
1769 silly ADD node_modules/asn1js
1770 silly ADD node_modules/argparse
1771 silly ADD node_modules/app-builder-lib
1772 silly ADD node_modules/app-builder-lib/node_modules/universalify
1773 silly ADD node_modules/app-builder-lib/node_modules/semver
1774 silly ADD node_modules/app-builder-lib/node_modules/jsonfile
1775 silly ADD node_modules/app-builder-lib/node_modules/env-paths
1776 silly ADD node_modules/app-builder-lib/node_modules/ci-info
1777 silly ADD node_modules/app-builder-lib/node_modules/@electron/get
1778 silly ADD node_modules/app-builder-lib/node_modules/@electron/get/node_modules/semver
1779 silly ADD node_modules/app-builder-lib/node_modules/@electron/get/node_modules/fs-extra
1780 silly ADD node_modules/app-builder-lib/node_modules/@electron/fuses
1781 silly ADD node_modules/app-builder-lib/node_modules/@electron/fuses/node_modules/universalify
1782 silly ADD node_modules/app-builder-lib/node_modules/@electron/fuses/node_modules/jsonfile
1783 silly ADD node_modules/app-builder-lib/node_modules/@electron/fuses/node_modules/fs-extra
1784 silly ADD node_modules/ansi-styles
1785 silly ADD node_modules/ansi-regex
1786 silly ADD node_modules/ajv
1787 silly ADD node_modules/agent-base
1788 silly ADD node_modules/abbrev
1789 silly ADD node_modules/@xmldom/xmldom
1790 silly ADD node_modules/@vitejs/plugin-react
1791 silly ADD node_modules/@types/use-sync-external-store
1792 silly ADD node_modules/@types/responselike
1793 silly ADD node_modules/@types/react-dom
1794 silly ADD node_modules/@types/react
1795 silly ADD node_modules/@types/prop-types
1796 silly ADD node_modules/@types/node
1797 silly ADD node_modules/@types/ms
1798 silly ADD node_modules/@types/keyv
1799 silly ADD node_modules/@types/http-cache-semantics
1800 silly ADD node_modules/@types/fs-extra
1801 silly ADD node_modules/@types/estree
1802 silly ADD node_modules/@types/debug
1803 silly ADD node_modules/@types/d3-timer
1804 silly ADD node_modules/@types/d3-time
1805 silly ADD node_modules/@types/d3-shape
1806 silly ADD node_modules/@types/d3-scale
1807 silly ADD node_modules/@types/d3-path
1808 silly ADD node_modules/@types/d3-interpolate
1809 silly ADD node_modules/@types/d3-ease
1810 silly ADD node_modules/@types/d3-color
1811 silly ADD node_modules/@types/d3-array
1812 silly ADD node_modules/@types/cacheable-request
1813 silly ADD node_modules/@types/babel__traverse
1814 silly ADD node_modules/@types/babel__template
1815 silly ADD node_modules/@types/babel__generator
1816 silly ADD node_modules/@types/babel__core
1817 silly ADD node_modules/@tailwindcss/vite
1818 silly ADD node_modules/@tailwindcss/oxide-win32-x64-msvc
1819 silly ADD
1820 silly ADD
1821 silly ADD
1822 silly ADD
1823 silly ADD
1824 silly ADD
1825 silly ADD
1826 silly ADD
1827 silly ADD
1828 silly ADD
1829 silly ADD
1830 silly ADD node_modules/@tailwindcss/oxide
1831 silly ADD node_modules/@tailwindcss/node
1832 silly ADD node_modules/@szmarczak/http-timer
1833 silly ADD node_modules/@standard-schema/utils
1834 silly ADD node_modules/@standard-schema/spec
1835 silly ADD node_modules/@sindresorhus/is
1836 silly ADD node_modules/@rollup/rollup-win32-x64-msvc
1837 silly ADD node_modules/@rollup/rollup-win32-x64-gnu
1838 silly ADD
1839 silly ADD
1840 silly ADD
1841 silly ADD
1842 silly ADD
1843 silly ADD
1844 silly ADD
1845 silly ADD
1846 silly ADD
1847 silly ADD
1848 silly ADD
1849 silly ADD
1850 silly ADD
1851 silly ADD
1852 silly ADD
1853 silly ADD
1854 silly ADD
1855 silly ADD
1856 silly ADD
1857 silly ADD
1858 silly ADD
1859 silly ADD
1860 silly ADD
1861 silly ADD node_modules/@rolldown/pluginutils
1862 silly ADD node_modules/@reduxjs/toolkit
1863 silly ADD node_modules/@peculiar/webcrypto
1864 silly ADD node_modules/@peculiar/utils
1865 silly ADD node_modules/@peculiar/json-schema
1866 silly ADD node_modules/@peculiar/asn1-schema
1867 silly ADD node_modules/@noble/hashes
1868 silly ADD
1869 silly ADD node_modules/@malept/flatpak-bundler
1870 silly ADD node_modules/@malept/flatpak-bundler/node_modules/fs-extra
1871 silly ADD node_modules/@malept/cross-spawn-promise
1872 silly ADD node_modules/@jridgewell/trace-mapping
1873 silly ADD node_modules/@jridgewell/sourcemap-codec
1874 silly ADD node_modules/@jridgewell/resolve-uri
1875 silly ADD node_modules/@jridgewell/remapping
1876 silly ADD node_modules/@jridgewell/gen-mapping
1877 silly ADD node_modules/@isaacs/fs-minipass
1878 silly ADD node_modules/@esbuild/win32-x64
1879 silly ADD
1880 silly ADD
1881 silly ADD
1882 silly ADD
1883 silly ADD
1884 silly ADD
1885 silly ADD
1886 silly ADD
1887 silly ADD
1888 silly ADD
1889 silly ADD
1890 silly ADD
1891 silly ADD
1892 silly ADD
1893 silly ADD
1894 silly ADD
1895 silly ADD
1896 silly ADD
1897 silly ADD
1898 silly ADD
1899 silly ADD
1900 silly ADD
1901 silly ADD
1902 silly ADD
1903 silly ADD
1904 silly ADD node_modules/@electron/windows-sign
1905 silly ADD node_modules/@electron/windows-sign/node_modules/fs-extra
1906 silly ADD node_modules/@electron/universal
1907 silly ADD node_modules/@electron/universal/node_modules/minimatch
1908 silly ADD node_modules/@electron/universal/node_modules/fs-extra
1909 silly ADD node_modules/@electron/universal/node_modules/brace-expansion
1910 silly ADD node_modules/@electron/universal/node_modules/balanced-match
1911 silly ADD node_modules/@electron/rebuild
1912 silly ADD node_modules/@electron/osx-sign
1913 silly ADD node_modules/@electron/osx-sign/node_modules/isbinaryfile
1914 silly ADD node_modules/@electron/notarize
1915 silly ADD node_modules/@electron/notarize/node_modules/fs-extra
1916 silly ADD node_modules/@electron/get
1917 silly ADD node_modules/@electron/get/node_modules/semver
1918 silly ADD node_modules/@electron/asar
1919 silly ADD node_modules/@electron/asar/node_modules/minimatch
1920 silly ADD node_modules/@electron/asar/node_modules/brace-expansion
1921 silly ADD node_modules/@electron/asar/node_modules/balanced-match
1922 silly ADD node_modules/@electron-internal/extract-zip
1923 silly ADD node_modules/@babel/types
1924 silly ADD node_modules/@babel/traverse
1925 silly ADD node_modules/@babel/template
1926 silly ADD node_modules/@babel/plugin-transform-react-jsx-source
1927 silly ADD node_modules/@babel/plugin-transform-react-jsx-self
1928 silly ADD node_modules/@babel/parser
1929 silly ADD node_modules/@babel/helpers
1930 silly ADD node_modules/@babel/helper-validator-option
1931 silly ADD node_modules/@babel/helper-validator-identifier
1932 silly ADD node_modules/@babel/helper-string-parser
1933 silly ADD node_modules/@babel/helper-plugin-utils
1934 silly ADD node_modules/@babel/helper-module-transforms
1935 silly ADD node_modules/@babel/helper-module-imports
1936 silly ADD node_modules/@babel/helper-globals
1937 silly ADD node_modules/@babel/helper-compilation-targets
1938 silly ADD node_modules/@babel/generator
1939 silly ADD node_modules/@babel/core
1940 silly ADD node_modules/@babel/compat-data
1941 silly ADD node_modules/@babel/code-frame
1942 silly CHANGE node_modules/@electron/fuses
1943 verbose cwd D:\Coding\Magang_Kemenkeu\PDDIKTI-Scraper-V2\production\frontend
1944 verbose os Windows_NT 10.0.26200
1945 verbose node v22.17.1
1946 verbose npm  v10.9.2
1947 notice
1947 notice New major version of npm available! 10.9.2 -> 12.0.2
1947 notice Changelog: https://github.com/npm/cli/releases/tag/v12.0.2
1947 notice To update run: npm install -g npm@12.0.2
1947 notice  { force: true, [Symbol(proc-log.meta)]: true }
1948 verbose exit 0
1949 info ok
